CustomerID,FirstName,LastName,Email,Phone,SignupDate,LoyaltyTier
1,Latasha,Booth,wilcoxalexander@gmail.com,(493)053-8705x38898,2022-10-07,Silver
2,Kristen,White,brownjason@kramer.com,001-759-212-0365x2326,2024-11-05,Gold
3,Robert,Cobb,bmoore@turner.com,+1-415-206-1569x9516,2022-08-22,Silver
4,Maria,Archer,marieashley@hotmail.com,(362)937-5852x25142,2023-05-14,Gold
5,John,Murray,sheilafrancis@moreno-smith.com,(719)678-2190x881,2023-08-01,Gold
6,Bianca,Lopez,gburke@murray.com,6146628773,2023-01-31,Gold
7,Stephen,Cervantes,lisachoi@conway-conley.info,+1-809-891-5311,2024-11-05,Bronze
8,John,Adams,markrogers@craig-banks.com,001-692-374-4169x229,2024-05-12,Silver
9,Tara,Lewis,suzanneparker@gmail.com,957.595.8912x5839,2025-01-25,Silver
10,Andrew,Barr,bhenry@gmail.com,534-219-4245x310,2024-06-13,Bronze
11,John,Peters,cardenastheresa@hotmail.com,001-052-635-4565x01181,2024-10-28,Gold
12,David,Morrow,whall@hotmail.com,482.193.3389x215,2024-03-22,Gold
13,Shannon,Gordon,barkermeghan@hotmail.com,081.610.9862x76023,2024-08-06,Gold
14,Ryan,Ward,michelle80@jordan.com,634.924.7927x13784,2023-09-19,Bronze
15,Joseph,Kennedy,alexandra63@gmail.com,+1-266-004-5831x122,2023-11-24,Silver
16,William,Smith,kristi99@yahoo.com,+1-406-744-3643x14020,2023-12-12,Bronze
17,Christine,Martinez,davieskaren@dudley.biz,(260)288-6201x51636,2025-05-06,Silver
18,Jenny,Glenn,zcardenas@gmail.com,545.144.7341x236,2025-07-21,Gold
19,Ricardo,Nichols,maria87@hopkins.com,(093)988-2759x2468,2023-06-03,Silver
20,April,Brewer,wflores@gmail.com,4823762133,2023-12-15,Bronze
21,Lindsay,Thomas,benjamin67@hotmail.com,(864)723-4822,2022-09-27,Bronze
22,Sierra,Rodriguez,potterdaniel@yahoo.com,874.384.7501,2024-12-15,Bronze
23,Jonathan,Walker,kelsey19@crawford-fuller.com,(902)253-2603x53925,2022-09-26,Silver
24,Ann,Thompson,ramirezcurtis@riddle.info,(821)606-5967x01432,2022-10-27,Gold
25,Tanya,Hines,grayheather@cooke-nichols.com,001-571-329-5877x130,2023-02-20,Silver
26,Brian,Jones,hannahpacheco@hotmail.com,+1-612-663-2929x5013,2025-02-10,Silver
27,Michelle,Roberts,adamspamela@gmail.com,7970249471,2023-11-05,Bronze
28,Elizabeth,Davis,mary58@klein.com,(876)381-1268x941,2023-06-20,Bronze
29,Ethan,Riley,jandrade@yahoo.com,(349)266-3051,2025-03-29,Silver
30,Ashley,James,leslie45@cummings.com,(087)716-7554x737,2023-05-24,Bronze
31,Denise,Mitchell,bettyhaynes@perez-hart.com,745.960.3952,2025-05-30,Silver
32,Jacob,Spencer,gperez@hotmail.com,445.536.8253x74711,2022-08-29,Gold
33,Brittney,Hicks,stacypark@hotmail.com,4292675166,2023-03-12,Bronze
34,Amy,Martin,anita14@hotmail.com,001-536-117-6548x269,2022-09-08,Gold
35,Steven,Cox,andrewwilson@graham.com,013-206-4888,2023-08-25,Bronze
36,Jason,Kelley,mosleyheather@yahoo.com,(575)155-8086x6132,2024-05-31,Gold
37,Debra,Taylor,john02@hotmail.com,(157)447-3595,2025-05-19,Silver
38,Taylor,Hunter,erin26@hotmail.com,235.721.2230x0916,2025-07-03,Gold
39,Tristan,Hodges,tcarpenter@gmail.com,001-776-118-8146x144,2025-04-11,Silver
40,Kristine,Romero,andrew65@scott-lee.com,001-044-104-7078x87238,2022-08-23,Gold
41,Brooke,Wagner,jeremy30@jones-yates.com,001-595-462-8286x768,2024-08-23,Gold
42,Charles,Smith,cturner@nash-rose.com,591-846-1145x074,2024-08-03,Gold
43,Rhonda,Clark,awilliamson@gmail.com,097.634.7049,2025-06-26,Silver
44,Heather,Dawson,josealvarez@hotmail.com,759.295.0296x366,2023-12-10,Bronze
45,Jonathan,Bailey,amartinez@romero.com,(306)393-0637,2024-04-23,Bronze
46,Kendra,Lindsey,gary94@richards-martin.info,(861)215-6875x3463,2024-01-01,Silver
47,Joel,Contreras,rreyes@hotmail.com,042-421-7535x85359,2023-06-25,Gold
48,David,Valentine,stevensonbrittney@jimenez.com,(387)723-3728,2024-04-30,Gold
49,Jennifer,Murray,kylehale@hart.com,985.865.6244,2025-06-24,Gold
50,Erik,Murphy,mpoole@robbins.com,381-724-1116,2024-07-14,Silver
51,Debbie,Hill,dustinatkins@page-rodriguez.net,940-413-9185x853,2024-09-15,Silver
52,James,Williams,douglasspencer@gmail.com,001-668-362-1327x3097,2023-05-25,Silver
53,Benjamin,Valentine,ujames@curry.com,622.933.3622,2023-03-19,Gold
54,James,Chambers,guerrerojesse@gmail.com,8932427498,2024-12-03,Silver
55,Charles,Johnson,christopherrollins@gmail.com,+1-988-804-6006x697,2022-09-07,Silver
56,Ashley,Carson,tpham@simmons.net,+1-103-250-4657x8421,2025-05-31,Gold
57,Noah,Ortega,laurenjones@elliott-farmer.info,409.219.7280x8757,2025-05-02,Bronze
58,Kevin,Foster,hernandezrachel@gmail.com,(220)270-6198x8092,2025-01-04,Silver
59,Ryan,Wright,raymond86@yahoo.com,001-945-865-4598x5663,2022-12-15,Silver
60,Laura,Montes,heather60@yahoo.com,413-410-5584x785,2023-11-19,Bronze
61,Carl,Parker,katherine96@henry.com,+1-033-003-1643x80390,2022-10-31,Silver
62,Michelle,Davis,preston42@page-molina.com,481-017-1875,2024-12-21,Bronze
63,Mark,Steele,sarah93@ford.com,+1-217-131-3322,2025-05-29,Silver
64,Mary,Rowe,kpayne@garrett.com,757-778-8910x000,2023-03-27,Silver
65,Angela,Crawford,johnsonscott@rivera-johnson.org,(052)981-6874x9282,2024-12-07,Silver
66,Sarah,Roach,treed@hendricks.com,(383)607-4386x008,2023-08-12,Bronze
67,David,Ramirez,erica28@obrien.biz,997.026.0988x55311,2023-04-03,Bronze
68,Aimee,Brown,frhodes@yahoo.com,2611730472,2025-06-11,Gold
69,Laura,Harris,lsummers@gmail.com,440.367.8013x8610,2024-09-17,Silver
70,Andrew,Mcbride,whernandez@hotmail.com,(907)474-5029x53335,2022-11-19,Gold
71,Valerie,Perez,scottbeck@campbell.biz,219.665.8205,2022-08-29,Gold
72,Carol,Steele,tiffanygomez@yahoo.com,417.592.2004x18995,2025-05-04,Bronze
73,Brittany,Larson,dustinwilliamson@yahoo.com,+1-240-057-8831,2022-11-19,Bronze
74,Anthony,Brown,vaughansteven@hall.com,+1-773-899-3282x958,2023-10-15,Silver
75,Jim,Baker,schapman@martin.org,001-228-855-9073x43269,2024-04-03,Silver
76,Erika,Fowler,xhammond@calderon.org,516-891-5661,2025-05-02,Gold
77,Dana,Arias,mcneiljennifer@hotmail.com,3695914342,2025-06-26,Gold
78,Andrea,Dalton,donna09@hotmail.com,(544)731-6584x6973,2023-11-09,Silver
79,Crystal,Lee,darrenedwards@gmail.com,001-697-829-7942x4797,2022-12-31,Bronze
80,Kim,Rogers,kevin91@le-chandler.net,(371)169-7624,2024-07-16,Silver
81,Albert,Cole,michaelgould@shaffer-miller.org,001-240-676-0976,2024-10-21,Gold
82,Gary,Martin,rwalker@hotmail.com,646.465.6062x354,2022-12-28,Gold
83,Jason,Kennedy,peterjackson@yahoo.com,(050)528-7928,2022-11-13,Bronze
84,Nicole,Wilson,juliakelly@anderson-bell.com,605-736-7136x144,2024-05-01,Bronze
85,Jennifer,Anderson,nbryant@hotmail.com,+1-198-771-9137x83335,2022-12-09,Bronze
86,Nancy,Gordon,alvarezcharles@yahoo.com,892-295-0563,2023-09-17,Bronze
87,Tyler,Moses,hmccarty@rodriguez-bennett.net,001-823-425-6166x34627,2024-01-03,Silver
88,Kimberly,Fletcher,taylor46@hotmail.com,(145)992-2123,2023-11-03,Gold
89,Kenneth,Turner,spalmer@calderon-campbell.com,(876)272-3333,2023-06-08,Bronze
90,Robin,Richards,amassey@yahoo.com,572.430.2413,2023-09-27,Gold
91,Patrick,Porter,estradachristopher@reed.info,398.826.5726x8605,2023-01-20,Silver
92,Benjamin,Sullivan,rachaelhogan@gmail.com,+1-369-212-8538,2025-02-22,Gold
93,Molly,Harris,crystalwilson@baldwin.com,646-651-0378x42697,2025-01-25,Bronze
94,David,Rodriguez,jennifer51@yahoo.com,838-524-6582x5711,2025-01-19,Silver
95,Jamie,Waters,farmerpamela@gmail.com,001-660-662-0445x25904,2023-03-29,Silver
96,Ashley,Richardson,billy58@jones.com,(144)936-5189x5648,2023-06-29,Silver
97,Kenneth,Harrison,kgay@frazier-simon.org,(847)483-6909x46246,2025-06-16,Silver
98,Randy,Dixon,carrietyler@gmail.com,146.613.4656x004,2025-06-15,Bronze
99,Jessica,Anderson,steven23@mendez-jimenez.com,(663)954-8995,2023-09-30,Bronze
100,Patrick,Fields,robert03@reynolds.org,712-043-0884x473,2024-07-24,Gold
101,Stephanie,Patterson,marykane@yahoo.com,715.128.8484,2025-04-20,Bronze
102,Alexa,Beck,gregoryskinner@brewer.com,(668)153-1282x762,2022-12-25,Bronze
103,Gwendolyn,Saunders,ashleyli@peters-mcdowell.com,+1-831-922-9631,2023-11-19,Gold
104,Holly,Maynard,williamfoster@hotmail.com,+1-513-381-2561,2023-01-13,Bronze
105,Martin,Wilson,uhansen@williamson.com,(762)958-2515,2025-02-15,Gold
106,Stephanie,Olsen,alison72@nunez.com,683-859-9345,2025-08-14,Bronze
107,Sandra,Johnson,katherineburke@gmail.com,235.932.0976,2024-01-27,Bronze
108,Raymond,Morales,mjackson@gmail.com,(065)206-2064,2023-02-12,Bronze
109,Melissa,Hull,hoganjennifer@gmail.com,(936)254-4687x43717,2023-05-17,Gold
110,Lindsay,Roberts,alison73@gmail.com,287-198-6743x5682,2023-04-14,Silver
111,Brooke,Perry,john58@massey.biz,882-735-6636,2024-01-31,Gold
112,Jennifer,Santos,elizabethdaniels@davis-ho.biz,878.452.2921,2023-03-18,Bronze
113,Sean,Gonzalez,thomasrodriguez@yahoo.com,(937)506-7500x66277,2022-08-30,Gold
114,Autumn,Sawyer,jarvisdrew@yahoo.com,520-046-7066,2025-08-10,Gold
115,Nancy,Fox,michellepayne@gmail.com,571-241-7039x8565,2023-03-18,Silver
116,Jennifer,Valenzuela,moonangela@thompson.com,(053)340-9981,2022-11-25,Bronze
117,Jaime,Byrd,martinezkelsey@yahoo.com,672-306-1303x02680,2025-06-21,Gold
118,Nicholas,Hicks,browntracy@johnson-cummings.com,(030)196-2492x414,2023-08-31,Bronze
119,Cynthia,Stone,xsmith@yahoo.com,001-985-992-0966x65332,2025-04-17,Gold
120,William,Williams,madison22@yahoo.com,916-511-4942,2024-10-20,Gold
121,Brandon,Hardy,gkennedy@moreno-rivera.com,+1-943-044-9783x184,2024-12-20,Bronze
122,Jason,Atkinson,charlescarlson@williams.biz,4337143552,2024-12-19,Bronze
123,Chelsea,Ward,haley06@harris-rogers.biz,437.664.6823,2024-10-13,Silver
124,Kendra,Reilly,jamie81@yahoo.com,(496)265-4938x4471,2022-10-09,Bronze
125,Eileen,Smith,rbennett@rivera.com,264-749-9630,2024-06-05,Bronze
126,Judy,Miller,christopher73@yahoo.com,+1-403-361-2810x21048,2025-07-06,Gold
127,Jason,Wells,taylorjennifer@dunn.org,+1-775-697-2999x9266,2024-04-20,Silver
128,Monica,Garcia,levysara@allen.com,026-970-8811x5480,2023-11-14,Bronze
129,Deborah,Ramirez,hnielsen@hotmail.com,+1-253-734-8688x423,2022-11-04,Gold
130,Nicholas,Brown,langkayla@riley.com,001-618-583-9836x441,2024-05-16,Bronze
131,James,Morrow,acostarichard@yahoo.com,807-745-5108x5629,2023-04-26,Gold
132,Clayton,Waters,roachalan@gmail.com,001-716-604-1526x52283,2023-10-06,Bronze
133,Eugene,Ortega,lelliott@yahoo.com,+1-933-275-7410x526,2024-12-13,Silver
134,Adam,Garcia,juliearcher@benson.biz,8081865838,2023-03-25,Bronze
135,Ronald,Hammond,alexander19@yahoo.com,708-477-7696x726,2024-02-01,Bronze
136,Alex,Lee,ingramcarrie@hotmail.com,857-069-6066x18566,2025-03-13,Silver
137,Danielle,Erickson,amy16@gmail.com,+1-249-598-4697,2023-01-24,Bronze
138,Rachel,Padilla,bturner@gmail.com,1739467540,2022-11-16,Gold
139,Elizabeth,Rodriguez,taralopez@chang.com,+1-684-401-0446x938,2023-01-29,Silver
140,Dylan,Bennett,ocox@yahoo.com,581.794.0274x73187,2023-01-22,Gold
141,Angela,Monroe,djackson@jimenez.com,001-675-773-8529x116,2024-01-01,Gold
142,Julie,Yu,roblesvictoria@collins.info,845.740.6322,2025-08-17,Silver
143,Jennifer,Sosa,erika59@gmail.com,699-376-3343,2022-12-15,Gold
144,Bryan,Byrd,rgarcia@morris-thompson.com,+1-012-926-9846x793,2024-12-31,Bronze
145,Daniel,Gray,yquinn@hotmail.com,8353856813,2024-11-14,Bronze
146,Evan,Ford,greentiffany@fields.com,558.723.8486,2022-10-12,Gold
147,Patricia,Decker,ybennett@hotmail.com,+1-353-986-9178x27136,2024-05-14,Gold
148,David,Curtis,cwatts@vega-robinson.com,(479)627-9528x567,2024-07-03,Gold
149,Kristina,Arias,xduncan@hotmail.com,592.216.3184,2023-10-31,Gold
150,Valerie,Novak,pstokes@wright.net,001-366-402-5935x15927,2024-12-24,Silver
151,Angela,Delacruz,baileymary@cruz.com,001-729-098-8591x926,2022-09-08,Gold
152,Faith,Lucas,drakevictoria@nash.com,507.668.0728x2285,2022-09-26,Bronze
153,Madison,Sandoval,paul57@turner-clayton.com,101-319-1929x65742,2025-03-17,Bronze
154,Mary,Romero,zjackson@cannon.net,(664)228-0575x1039,2025-05-26,Gold
155,Peter,Williams,cwilliams@morales-greene.com,(014)252-7975,2024-04-03,Silver
156,Gregory,Bell,omar74@williams-johnson.com,5791856776,2023-04-15,Silver
157,Jose,Foster,michelle71@gmail.com,020-268-0921,2024-02-22,Silver
158,Ian,Hall,yfernandez@gmail.com,001-326-482-7914,2023-06-03,Silver
159,Calvin,Johnson,richardmcclure@dunlap.info,971-802-6561,2024-02-15,Silver
160,Shirley,Lawrence,jhenderson@hotmail.com,(191)764-3105x11115,2023-08-04,Bronze
161,Rebecca,Stewart,michaelpace@gmail.com,556.855.1591x35283,2023-06-17,Gold
162,Ryan,Gilmore,margaretgarcia@simpson.com,001-939-632-2635x62241,2023-02-08,Gold
163,Eric,Barker,robertozimmerman@yahoo.com,453.152.6296x460,2023-05-01,Bronze
164,Joseph,Wright,williamsmary@yahoo.com,(943)375-1332,2024-06-22,Gold
165,Christine,Colon,mriddle@yahoo.com,905-508-5619,2023-10-16,Bronze
166,Jessica,Black,johnkent@hotmail.com,(069)938-1940,2022-12-17,Silver
167,Pam,Vaughn,sjohnson@wheeler.com,3600444380,2022-09-12,Bronze
168,Chad,Powers,cheyenneharper@sullivan.com,5900361923,2023-05-31,Bronze
169,Laura,Stevenson,dadams@bryant.com,+1-423-210-6931x4082,2023-01-25,Gold
170,Paige,Newton,adamsjennifer@allen.biz,+1-849-775-3777x3011,2024-04-22,Silver
171,Charles,Brown,velezdavid@hill-owen.org,562.992.1387x7069,2024-09-03,Silver
172,Cheryl,Wall,michael98@yahoo.com,(685)742-7918x911,2025-01-28,Bronze
173,Erin,Snyder,deborah61@barnes-jennings.com,418.726.5232x20964,2023-06-23,Bronze
174,Amy,Woodard,qphelps@flynn.biz,+1-852-428-6966x07030,2024-01-07,Gold
175,Scott,Gay,tlopez@yahoo.com,+1-691-887-3902x5319,2025-01-20,Gold
176,Bradley,Buck,molly38@williams-zimmerman.com,6759474593,2022-11-25,Bronze
177,Benjamin,Sullivan,lindsay23@lindsey-mills.com,001-205-906-7532x272,2024-02-05,Silver
178,Michael,Wilson,fward@hotmail.com,+1-642-352-3249x958,2023-04-01,Bronze
179,Jessica,Crawford,paulmisty@gmail.com,001-521-303-4889x334,2025-04-10,Gold
180,William,Brown,williamescobar@hotmail.com,(841)038-9111,2022-11-05,Bronze
181,Lisa,Rodgers,mcannon@gmail.com,6779978752,2023-02-18,Bronze
182,Mary,Hall,april15@gmail.com,6398086356,2024-05-12,Silver
183,Teresa,White,byrdsamantha@yahoo.com,164-586-3617x61719,2024-07-25,Silver
184,Brandy,Campbell,fvaldez@hernandez.com,532.515.7310,2025-03-26,Gold
185,Mary,Andrade,hoffmanchelsea@gmail.com,001-957-399-0351x2756,2022-08-20,Bronze
186,Leslie,Stevens,zrose@hotmail.com,001-755-901-1287x785,2023-04-06,Bronze
187,Nicole,Harris,mitchelljonathan@kidd.info,720.906.0371x97053,2023-04-07,Silver
188,Keith,Roberts,pamela99@jenkins.com,(078)350-7460x467,2022-09-18,Bronze
189,Juan,Mills,ujones@gmail.com,(158)772-1354,2023-08-04,Silver
190,Dana,Vaughn,fieldsmichael@bell.com,+1-151-756-4773,2025-05-16,Gold
191,Jeffrey,Castillo,christinagarcia@martin.com,+1-551-923-9654x5265,2023-07-14,Gold
192,Jeffrey,Tucker,fhall@miller.com,+1-464-890-4338x90710,2024-05-28,Silver
193,Joseph,Stephens,zhughes@best-jones.com,001-398-242-1764x695,2024-05-09,Silver
194,Nicholas,Wise,terri69@washington-peterson.com,+1-556-265-8967,2023-08-05,Gold
195,William,Fox,tmckinney@cole-hamilton.com,+1-136-919-5152x6654,2024-09-04,Gold
196,Bethany,Johnson,carsonjessica@hotmail.com,656-462-1334x66254,2024-01-16,Bronze
197,Jeffrey,Willis,greeneannette@hotmail.com,980-560-7803x78915,2024-10-25,Silver
198,Chris,Lewis,dmarsh@adams.com,690-207-8503x0738,2024-06-22,Silver
199,Pamela,Pierce,barbarasanders@hotmail.com,001-164-784-8362,2025-03-27,Bronze
200,Steven,Moreno,daryl82@johnson.com,(835)124-5786x7287,2024-04-10,Silver
201,Michael,Wade,william45@gonzalez-white.org,(443)617-7671x3373,2023-01-21,Bronze
202,Steven,Jenkins,hayeselizabeth@hotmail.com,349.102.8769x54933,2023-05-21,Gold
203,Michelle,Rivera,carrillocynthia@yahoo.com,893.522.7648x24126,2023-09-11,Silver
204,Jonathan,White,kingmark@hotmail.com,+1-456-567-0134x5612,2025-05-23,Silver
205,Krista,Flynn,gardneralicia@yahoo.com,001-711-527-8101,2024-07-19,Gold
206,Kelly,Schwartz,adam86@hotmail.com,(578)352-4159x1682,2023-12-16,Silver
207,Susan,Allen,rodriguezleslie@hotmail.com,685-953-3634x8207,2024-06-27,Silver
208,Gloria,Gallegos,clarkewayne@mills.org,325.186.4130x86989,2023-10-27,Bronze
209,Stacy,Dean,tranalexandra@hanna.info,634-534-3854x344,2023-01-27,Bronze
210,Scott,Jordan,tammyhendrix@hotmail.com,(473)967-2422x044,2025-03-04,Gold
211,Annette,Wilson,nshannon@hotmail.com,201.636.2798,2022-11-04,Bronze
212,Ryan,Simmons,charlesellis@jordan.com,001-412-503-8959x93362,2025-02-04,Gold
213,James,Griffith,deniseramirez@yahoo.com,(713)874-1650x648,2023-08-31,Gold
214,Kyle,Moore,lewisjohn@yahoo.com,960.303.1988x5002,2024-06-23,Gold
215,Curtis,Torres,gcook@yahoo.com,+1-531-585-8891,2024-05-26,Gold
216,Theresa,Mendoza,wagnerethan@martin-ford.com,001-746-597-2417,2023-04-19,Silver
217,Joseph,Young,williammacias@nelson.biz,001-405-695-6378x577,2023-12-30,Silver
218,Emily,Armstrong,pjimenez@yahoo.com,9614314745,2023-08-29,Silver
219,Karen,Hoffman,hawkinsamanda@gmail.com,638-603-1881,2023-01-28,Silver
220,David,Cruz,angela50@yahoo.com,+1-764-257-4505,2023-11-16,Gold
221,Kevin,Jenkins,ghall@johnson.com,772-973-2583x725,2023-05-02,Bronze
222,Lynn,Taylor,melissa79@walker.com,043.034.0088,2023-09-19,Gold
223,Kayla,Beck,nicolasmitchell@gmail.com,+1-721-367-6646,2024-04-23,Silver
224,Danielle,Walters,kcoleman@anderson.info,6017388784,2025-02-17,Gold
225,Michelle,Rasmussen,mark78@green.com,019-599-2496x861,2024-12-23,Bronze
226,Elizabeth,Rivera,johnsonjennifer@smith-houston.biz,975-029-4129x797,2023-08-29,Gold
227,Rodney,Thompson,ulambert@obrien-morris.com,9215061484,2024-12-07,Bronze
228,Lindsay,Mcmillan,tracydavidson@gmail.com,251.688.5372,2025-06-27,Bronze
229,Laurie,Mckenzie,tammypetty@yahoo.com,6115705280,2023-03-09,Gold
230,Timothy,Cunningham,zmartinez@berg.com,043.034.5605x65305,2024-07-25,Gold
231,Kimberly,Moore,acostaanthony@johnson-harper.com,(116)798-9375x6946,2025-04-13,Gold
232,Jessica,Cook,crystalhoward@alvarez.com,(882)768-2928,2025-03-13,Bronze
233,Tamara,Kennedy,aaron94@roberts.com,(259)341-8174,2023-11-12,Silver
234,Nancy,Mueller,jonescharles@hotmail.com,153-241-4909,2023-07-11,Gold
235,Victoria,Miller,charleshaynes@norris-krueger.org,+1-956-673-3612,2024-08-01,Bronze
236,Daniel,Nelson,robinsonjoseph@maldonado.com,483.335.6791x73794,2024-12-06,Silver
237,Richard,Alexander,dblanchard@gmail.com,027-921-2459x064,2023-01-09,Silver
238,Robert,Love,lambertdylan@hotmail.com,(746)066-3501x22235,2025-05-07,Gold
239,Michael,Franklin,randywoods@murphy-silva.com,636.167.0777,2023-01-22,Silver
240,Elizabeth,Sanchez,darren71@pugh-lewis.com,646.262.0770x4486,2023-05-29,Bronze
241,Geoffrey,Flores,ericksonjonathon@pope.biz,(972)990-5275x32565,2025-02-19,Silver
242,Daniel,Richardson,douglas35@wright-hicks.com,524-090-0735x219,2023-01-09,Gold
243,Katherine,Garcia,barreradenise@cunningham-gonzalez.com,(947)881-1294,2025-04-20,Bronze
244,Sara,Powers,mlawson@gmail.com,001-695-915-0563x491,2024-08-11,Bronze
245,James,Mcconnell,nicole17@yahoo.com,712-782-7591,2025-02-19,Gold
246,Ryan,Ellis,ysmith@gmail.com,001-675-743-9956x17023,2025-01-17,Silver
247,Jessica,Davis,pmendez@gmail.com,(901)727-9247,2024-03-03,Gold
248,Elizabeth,Kaufman,joneschristian@gmail.com,938.173.3921x63194,2023-09-14,Bronze
249,Jessica,Smith,myoung@harris.com,(048)924-0405,2022-10-26,Gold
250,Lisa,Davis,rita86@fields.com,+1-837-697-0882x099,2023-11-06,Silver
251,Michael,Sparks,jeffery87@hotmail.com,607-918-5016,2023-03-17,Gold
252,Kirk,Rice,haleychristina@parsons-washington.com,001-473-431-9992x8101,2024-07-10,Gold
253,Paul,Ware,taylorlauren@gmail.com,(619)686-3684x1566,2023-10-19,Bronze
254,April,Jackson,grantjoanna@gmail.com,128.289.8967,2025-05-16,Bronze
255,Melissa,Pope,lauren08@johnson.com,001-963-825-3962x924,2023-11-14,Bronze
256,Jasmine,Diaz,kevin91@yahoo.com,+1-533-900-2688x2428,2025-02-12,Silver
257,Joshua,Thomas,ashleyhill@yahoo.com,001-214-875-4126x008,2023-12-30,Bronze
258,Kathleen,Vasquez,ycruz@yahoo.com,(102)752-0940,2023-07-19,Silver
259,Tamara,Figueroa,ibrown@gmail.com,(995)449-3676x8156,2022-09-01,Silver
260,Frances,Davis,jeffrey60@miles.com,843.677.6957,2024-03-20,Gold
261,Zachary,Stevens,jmorris@garza-wood.com,001-040-673-0773x786,2023-08-10,Bronze
262,Melissa,Lowery,danielhall@alvarez.biz,001-343-373-7730x92892,2024-04-06,Silver
263,Aaron,Koch,gregorydouglas@collier.com,001-546-708-2375x167,2022-10-19,Bronze
264,Raymond,Garcia,hartmankaren@gmail.com,740.330.0604x69443,2024-12-19,Silver
265,Charles,Estrada,villegasjasmine@hotmail.com,2377739406,2024-03-12,Silver
266,Shawn,Gentry,timothymiller@hotmail.com,001-200-197-2421x42772,2024-05-27,Gold
267,John,Aguilar,kelseyroberts@ellison-miller.com,(497)012-7587,2023-08-26,Gold
268,Mitchell,Hill,vdixon@huang.com,(510)919-2387x619,2023-06-28,Bronze
269,Cody,Martinez,marcfloyd@martin.com,001-779-043-7356x58308,2022-09-04,Silver
270,Jasmine,Robinson,joshua34@yahoo.com,+1-531-392-6920x48419,2024-04-22,Gold
271,Samantha,King,brayeric@lane.com,5010780590,2024-03-30,Bronze
272,Melissa,Gaines,jacquelinehale@gmail.com,843-091-9986,2023-04-30,Gold
273,Shane,Alexander,kwilliams@wilson.com,922.193.1198,2024-07-10,Gold
274,Cynthia,Reynolds,juliebenitez@hart-freeman.com,476-599-5819,2025-06-22,Bronze
275,Courtney,Dawson,robert16@nelson-richards.com,552.377.7583x4104,2025-05-16,Bronze
276,Hannah,Martinez,joshua51@jones.com,+1-849-533-7507x5830,2022-12-18,Silver
277,Jerry,Wong,johnhenry@jackson-johns.net,(942)243-5408x06571,2023-05-03,Silver
278,Samuel,Perez,austinburke@yahoo.com,+1-186-518-5976x59683,2023-07-21,Gold
279,Jeremiah,David,christophersmith@howard.com,001-255-226-9015,2024-01-01,Gold
280,William,Sullivan,rrivas@gmail.com,230-984-3904,2024-09-22,Gold
281,Jimmy,Harris,aadams@hotmail.com,(495)405-9916x20509,2023-08-26,Bronze
282,Anna,Watson,timothysingleton@gmail.com,951.356.5200,2023-09-23,Silver
283,Donald,Chavez,courtneyblackburn@marshall-clark.biz,(497)168-1281x077,2023-08-21,Bronze
284,David,Harrington,smithryan@schmidt-green.biz,304.009.7456,2022-12-09,Silver
285,Taylor,Craig,ashleybernard@yahoo.com,+1-463-007-0990,2023-02-15,Gold
286,Lee,Wright,jenniferwolfe@white.com,151-910-9979,2023-05-24,Gold
287,Jeffrey,Brennan,lreyes@hotmail.com,(213)780-0916,2024-02-21,Gold
288,Lisa,Diaz,patriciarusso@brown.com,(831)478-7264x2637,2025-07-17,Bronze
289,Meghan,Porter,marquezsamantha@yahoo.com,(917)992-4119,2024-12-10,Silver
290,Alejandra,Brown,rpatel@salinas-taylor.com,(575)806-9902x12299,2025-04-19,Silver
291,Francisco,Woodard,douglas76@lee.biz,575.106.9257x99388,2024-07-10,Bronze
292,John,Simmons,yflores@collins-roth.biz,001-423-959-3710,2023-08-04,Silver
293,Steven,Rodriguez,thomaspatricia@gmail.com,(808)334-5578x941,2023-01-23,Gold
294,Kevin,Joseph,greenashley@smith.com,+1-260-738-2348x67495,2023-07-26,Gold
295,Melissa,Smith,owright@miller.org,007-139-4855x4528,2022-10-21,Gold
296,Rhonda,Davis,bartlettsusan@gmail.com,983-326-6031,2023-10-13,Silver
297,David,Dixon,kelly92@gmail.com,139-011-0823,2023-06-27,Bronze
298,Stephanie,Brown,phillipsryan@wells.com,+1-998-298-5231x441,2024-03-31,Silver
299,Sharon,Flores,carrie10@gmail.com,(155)383-2645,2025-01-10,Silver
300,Veronica,Baker,tammy72@snyder.com,+1-259-196-7184x9838,2023-10-21,Bronze
301,Carrie,Clark,jennifer53@hotmail.com,001-448-908-4668x11684,2023-06-13,Silver
302,David,Murphy,zroth@gmail.com,001-867-577-1867x138,2022-10-01,Bronze
303,Jose,Rodriguez,zachary88@yahoo.com,3020772764,2024-02-13,Silver
304,Kim,Blake,paul22@hotmail.com,001-994-085-2196x229,2023-06-04,Gold
305,Erik,Ross,bcarroll@miller.net,+1-842-309-2567x58798,2025-05-08,Silver
306,Amanda,Robertson,pmoses@anderson.com,001-134-647-3522,2025-07-10,Silver
307,Jacqueline,Rivera,debra62@johnson.com,+1-823-351-4555x1203,2023-04-09,Bronze
308,Justin,Dodson,danielle90@hotmail.com,001-855-972-5657x095,2022-09-15,Silver
309,David,Carter,payala@casey.info,(522)294-3117x7752,2024-08-13,Gold
310,Vickie,Brown,beckermolly@pacheco.org,736.657.0889x18840,2024-06-18,Silver
311,Jennifer,Wilson,meganyork@schneider.com,621-008-9641,2023-09-09,Silver
312,Manuel,Johnson,thomasmedina@yahoo.com,672-215-2218,2023-05-03,Bronze
313,Alejandra,Acosta,cathy98@escobar-newton.org,(127)416-3759x657,2023-03-11,Bronze
314,Austin,Mata,martinjamie@yahoo.com,5937249108,2023-03-04,Gold
315,John,James,clarkgregory@walker.com,462.299.4272x30785,2023-03-02,Silver
316,Chris,Rush,travis35@hotmail.com,376-897-1155x3562,2023-09-01,Gold
317,Jack,Ford,amandamurray@brown.net,109-900-8569x479,2025-02-14,Bronze
318,Katherine,Holland,lauranielsen@elliott.com,819-486-5488x45736,2024-03-07,Bronze
319,Eric,Le,kimberly03@johnson.com,305.147.3455x629,2022-12-06,Gold
320,Lisa,Kelly,lmoss@benson-johns.info,568.769.0652x7382,2023-05-16,Gold
321,Gregory,Gates,walshjoanna@gallagher.com,381-473-6884x7087,2023-07-20,Gold
322,Robert,Parker,hardingdaniel@yahoo.com,(893)701-9126,2024-01-11,Bronze
323,Robin,Ball,smithmelissa@rivera.info,7244000830,2025-03-04,Gold
324,Crystal,Kaufman,garcialeslie@obrien.com,976.932.4297x13050,2022-11-12,Bronze
325,David,Johnson,wrightanthony@foster.info,836.563.0467,2024-01-21,Bronze
326,Jennifer,Tran,wallacerachel@barnes-mcdonald.org,6617831550,2022-12-25,Gold
327,Amy,Hughes,gkelley@burke.biz,+1-771-942-9851x7643,2023-03-03,Silver
328,Kathleen,Maddox,imclaughlin@bates.com,001-427-829-2131x4110,2024-03-03,Bronze
329,Sherry,Long,amanda40@mills.com,(646)993-5758,2023-07-25,Bronze
330,Daniel,Fletcher,michael22@mitchell.com,5839362071,2023-02-24,Silver
331,David,Jones,laura71@cruz.net,001-008-934-2395x3239,2023-11-15,Gold
332,Julie,Alvarez,anthonyyu@yahoo.com,2354364083,2025-05-23,Bronze
333,Kristen,Williams,christinerobinson@hotmail.com,264.108.1468x98529,2024-03-28,Bronze
334,Scott,George,alexanderteresa@hotmail.com,611.728.8930,2024-10-31,Silver
335,Chelsea,Oneal,paul05@gmail.com,017.288.7556,2025-08-04,Bronze
336,Robert,Mcclain,prestongavin@goodman.com,879-803-7227,2024-09-14,Silver
337,Melissa,Taylor,robert91@gmail.com,+1-904-112-3998x63711,2025-04-08,Silver
338,Steven,Spears,gonzalezmichael@yahoo.com,(646)032-7636,2023-06-01,Gold
339,Sarah,Davis,christopherhendricks@butler.com,(423)825-0807x35503,2025-06-08,Gold
340,Leslie,Green,ryan81@matthews.net,075.814.0103,2023-06-14,Silver
341,Kathy,Bennett,christinamiller@yahoo.com,(885)861-6596,2025-03-05,Silver
342,Jermaine,Nelson,wcooke@hotmail.com,+1-255-538-5292x467,2023-09-12,Gold
343,Aaron,Fox,timothywalton@carter.com,+1-169-592-7206x68178,2023-06-12,Bronze
344,Alexandra,Allen,michael97@perez-kelly.net,019.672.6005x70576,2023-11-23,Gold
345,Jennifer,Hayes,matthew45@webster.com,(822)281-5643x7813,2023-12-20,Silver
346,Monique,Stewart,johnsonbrianna@gmail.com,+1-218-211-2634,2024-05-17,Gold
347,Kathy,Rasmussen,matthewlee@gmail.com,323.504.6192,2022-12-18,Bronze
348,Shelby,Summers,asanchez@gmail.com,203-009-6225,2024-03-08,Bronze
349,Timothy,Richardson,smiththomas@hunter.info,(258)229-4390,2024-08-07,Bronze
350,Alicia,Martinez,goldenangela@johnson.net,(215)191-9731,2022-12-22,Silver
351,Christopher,Lopez,jamesrichards@brown.com,(441)947-5903x18244,2024-07-17,Silver
352,Ricky,Blair,nicholasbentley@hotmail.com,(192)909-8552x50889,2022-11-01,Silver
353,Karen,Castillo,suzanne50@yahoo.com,5094910821,2023-01-15,Silver
354,Jacob,Davis,kathleenschroeder@johnston.com,629-723-7683,2024-07-04,Gold
355,Lori,Brown,nbush@rivera.com,7710097020,2023-07-23,Bronze
356,Jeffrey,Mendez,carol73@erickson.com,649.951.6406x0607,2024-02-27,Silver
357,Sara,Kelley,christophermclean@hotmail.com,077-770-1130x423,2025-02-03,Gold
358,Roger,Stephens,taylornicholas@gmail.com,002-480-4178x802,2022-11-13,Gold
359,Mary,Miller,jasonmason@yahoo.com,+1-266-082-5399x62072,2023-11-14,Silver
360,Christine,Freeman,michael58@shepard.com,(478)768-2086,2025-04-18,Bronze
361,Cassandra,Monroe,annette69@hotmail.com,583-776-9026x82338,2025-03-18,Bronze
362,Emma,Elliott,jyoung@yahoo.com,001-889-304-5314x8622,2023-03-27,Gold
363,Kristen,Sampson,brownellen@hotmail.com,476.210.2496,2024-04-09,Silver
364,Debra,Myers,mackenziealexander@smith.com,(734)472-6241x944,2023-12-20,Silver
365,Martha,Williams,anthonygregory@gmail.com,199-045-4223x4288,2024-01-29,Silver
366,Michael,Price,cunninghamlaura@white.info,+1-499-584-0099x229,2024-06-07,Silver
367,Natasha,Baldwin,caldwellkatherine@smith.org,(306)859-3856,2024-05-13,Bronze
368,Steven,Smith,shelly46@gmail.com,0978718229,2025-06-04,Bronze
369,Annette,Wright,hendersonbrandy@jacobs-peterson.net,001-895-933-6560x0084,2024-02-03,Gold
370,Manuel,Carter,stephengonzalez@bass.net,960-262-4052x5737,2023-01-27,Silver
371,Robert,Mitchell,thomaslaura@hotmail.com,+1-663-505-1075x03496,2024-12-07,Bronze
372,Manuel,Hopkins,morgandennis@hotmail.com,+1-944-893-0004x7036,2023-11-11,Bronze
373,Randy,Stokes,katherinegolden@ferrell-owen.com,(198)389-8161,2024-03-08,Silver
374,Destiny,Love,michael12@walters-simmons.com,+1-750-783-7659x56870,2023-04-09,Silver
375,Luke,Thompson,smithashley@gmail.com,686-926-6000,2022-12-13,Gold
376,Andrew,Green,garciakeith@davis-huber.com,001-170-719-3421x6679,2024-05-26,Gold
377,Andrew,Townsend,whitneyalexander@anderson.net,381.032.3434x73374,2023-07-27,Silver
378,Nathaniel,Hernandez,wilsonjoy@hotmail.com,+1-908-259-0576x0747,2022-11-28,Gold
379,Margaret,Perkins,mckeelatoya@massey.com,349-423-2893x191,2023-06-30,Gold
380,Sarah,Harris,bwheeler@lopez-leon.com,5030858225,2024-10-22,Silver
381,Ashley,Welch,qreid@harmon.com,862-394-4504x9558,2025-06-30,Silver
382,Adam,Fischer,ksutton@robinson-cox.com,452.139.7979x104,2022-10-14,Bronze
383,Jennifer,Schmidt,joseph45@myers.com,367.974.5485,2024-01-26,Gold
384,Sharon,Kramer,nmckenzie@hotmail.com,274.162.0240,2024-05-16,Gold
385,Amy,Gaines,cheryldavis@gmail.com,+1-885-919-1009x782,2024-06-07,Gold
386,Christopher,Carter,tjackson@morris-garcia.com,+1-753-863-2139,2023-07-13,Bronze
387,Charles,Perez,staceystafford@yahoo.com,277.874.1433,2023-06-21,Gold
388,Alicia,Contreras,lawrence21@chandler-bowman.com,+1-239-741-5375,2025-08-06,Gold
389,David,Liu,jdickerson@ward.info,(665)782-9967x359,2025-03-22,Gold
390,Jaime,Benson,ymckinney@parker-harris.net,(335)476-5345x3013,2023-02-14,Silver
391,David,Lewis,gregoryolson@hotmail.com,4009317077,2023-08-23,Silver
392,Michael,Garcia,ortizarthur@gmail.com,(469)382-3115x421,2025-01-13,Gold
393,James,Hopkins,aberry@lopez.com,8204081284,2023-05-24,Silver
394,Alison,Mathis,ccook@olson.com,+1-363-874-7464x9762,2024-08-06,Bronze
395,Allen,Simpson,jcook@gmail.com,802.011.8952x16244,2024-05-23,Bronze
396,Christine,Vasquez,lewisadrian@yahoo.com,+1-996-621-4331,2025-06-04,Silver
397,Hannah,Ryan,cmontgomery@atkins.info,181-855-0787,2025-06-07,Gold
398,Angela,Pacheco,becknicholas@smith-phelps.org,388.089.2621x823,2024-10-07,Silver
399,Jonathon,Johnson,rwatson@yahoo.com,001-274-126-1905,2023-12-25,Gold
400,Joseph,Macdonald,amandajones@dixon.com,(855)941-1057,2023-11-24,Silver
401,Danielle,Simpson,scottdavid@gmail.com,+1-235-312-6975,2023-07-14,Silver
402,Curtis,Stevens,mistyle@richardson.info,001-544-024-9940,2022-10-11,Bronze
403,Mary,Nixon,tsmith@hotmail.com,956.866.4805x9666,2024-01-16,Bronze
404,Jacob,Smith,kyle59@gmail.com,001-389-317-1594x9417,2023-04-28,Silver
405,Dominic,Stephenson,christinethornton@gmail.com,+1-936-624-9956,2025-03-03,Bronze
406,Ryan,Booker,davidcurtis@yahoo.com,9697382890,2024-08-27,Bronze
407,Haley,Douglas,ppadilla@ray.com,867.412.3093x57309,2024-08-20,Bronze
408,Nicole,Marks,leahnichols@coleman-herrera.com,815-474-3878x718,2025-04-17,Gold
409,Danielle,Patton,nealmichelle@torres-rodriguez.com,(377)734-7811x43537,2022-12-07,Silver
410,Paula,Kelley,karenperez@ruiz.biz,(604)665-5408x277,2025-01-16,Silver
411,Hannah,Brooks,john73@bishop.com,039-963-2132x6816,2025-02-21,Gold
412,Michelle,Webster,rcamacho@hotmail.com,9696120376,2022-11-12,Bronze
413,David,Garza,eric49@hotmail.com,(213)803-3255x488,2023-11-25,Silver
414,Justin,Trujillo,matthewkeller@yahoo.com,795-298-1211x106,2023-12-14,Gold
415,Aaron,Spencer,igarcia@matthews.com,(777)463-9787x7962,2024-12-05,Gold
416,Logan,Patel,xcarter@gmail.com,001-564-205-7414x1515,2023-08-26,Gold
417,Marie,Herring,gle@turner.com,+1-001-686-6638x7421,2024-04-13,Silver
418,Robert,Cummings,vrobertson@bird-rodriguez.com,+1-275-155-4506x0000,2023-01-21,Bronze
419,Sarah,Garza,ashleyarnold@hotmail.com,052-689-9755,2023-12-24,Bronze
420,Sheila,Mitchell,matthewsanita@gmail.com,+1-453-619-4796x88989,2024-05-21,Bronze
421,Rebecca,Olsen,pattersonkathryn@gmail.com,(592)685-4709,2022-11-08,Silver
422,Brian,Dixon,danny34@yahoo.com,001-670-031-5701x8571,2022-12-28,Gold
423,David,Mitchell,courtneywood@hotmail.com,(799)260-8993x5257,2024-11-15,Silver
424,Janice,Hardin,valerie43@taylor.com,(709)276-6261x970,2024-08-26,Bronze
425,Matthew,Ramirez,pamelarichards@johnson.com,+1-645-170-1369x30835,2024-06-07,Silver
426,Jeremy,Young,carterwendy@yahoo.com,186.454.7877,2023-10-13,Gold
427,Emily,Lowe,gomezlindsey@yahoo.com,9136290973,2023-09-07,Bronze
428,Linda,Anthony,john85@roberts-pratt.net,0386961604,2023-07-21,Silver
429,Shelly,Baldwin,sarah65@yahoo.com,432-144-0304x91609,2023-07-25,Bronze
430,Mary,Fitzgerald,lholloway@hotmail.com,379.514.8598,2023-03-26,Silver
431,Kimberly,Conner,millerdaniel@jones.net,(627)401-6119x36864,2023-08-22,Silver
432,Natalie,Murray,hflores@freeman.org,(369)047-8391,2022-09-11,Gold
433,Ruben,Miranda,jennifer16@hotmail.com,632.729.0162,2025-01-12,Gold
434,Denise,Murphy,rebeccamyers@warren.org,(005)657-6424,2024-02-09,Bronze
435,Kristin,Beck,sandersdenise@davis.com,349-640-1829x794,2023-12-23,Bronze
436,Ashley,Patterson,anthonylara@gmail.com,7910161231,2022-11-05,Bronze
437,Mary,Johnson,rburke@frost.com,+1-937-089-9977x1913,2025-03-27,Gold
438,Sara,Williams,crystalowens@johnston.net,599.443.5755x917,2025-03-07,Silver
439,Andrew,Leon,fisherbrian@griffin.com,(899)049-3155x63890,2025-05-29,Silver
440,Diane,Roberts,amanda16@hotmail.com,3777791884,2025-04-12,Silver
441,Joseph,Neal,jordansusan@yahoo.com,+1-387-268-8383x774,2022-12-07,Silver
442,James,Berry,bethdavidson@hotmail.com,001-515-259-8815x03183,2022-10-13,Gold
443,Michelle,Martinez,rwright@cooper.com,+1-270-078-7508,2023-12-02,Bronze
444,Anna,Atkinson,iblack@cline.info,473.357.7108x8756,2024-11-22,Bronze
445,Robert,Ewing,angela55@yahoo.com,353-331-5399,2023-04-14,Silver
446,Andrew,Harris,tandersen@mcdonald-stanley.com,001-575-257-7430x591,2024-12-19,Bronze
447,Brian,Stanley,zlittle@carey.org,546-581-4778,2025-06-02,Bronze
448,Connor,Zavala,bdickerson@hamilton-barr.org,858-571-3049,2024-01-06,Silver
449,Gabrielle,Ferguson,bakeranna@yahoo.com,(376)812-7986,2024-05-08,Silver
450,Kristen,Elliott,coxbrittany@yahoo.com,0221336434,2025-03-20,Silver
451,Shane,Lynch,uroberson@yahoo.com,001-075-892-0852x3175,2024-09-29,Gold
452,Leslie,Woods,courtneybanks@smith.com,001-840-557-5362,2022-11-17,Gold
453,Travis,Bryant,hmcmillan@wilkerson.com,986.728.4892x340,2024-05-25,Silver
454,Sarah,Johnston,justinlee@hotmail.com,+1-175-539-7948x014,2023-12-19,Silver
455,Daniel,Acosta,angela05@hotmail.com,952-376-3603x6724,2025-02-07,Silver
456,Michael,Owens,jennifer04@aguilar.net,840.847.8071,2024-11-10,Gold
457,Veronica,Chang,yparrish@garcia.info,(304)801-3433,2024-09-06,Gold
458,Gregory,Mcgee,zbarber@maldonado.com,+1-701-782-7119x826,2025-07-06,Bronze
459,Eric,Richards,dunnchristine@baker.com,001-858-273-0723,2023-07-03,Bronze
460,Andre,Atkins,umoore@holt-henderson.org,966.563.7619x401,2024-02-23,Silver
461,Jamie,Hicks,jordanbrown@lee.com,265-759-1767x8919,2024-11-07,Bronze
462,Samantha,Anthony,igriffin@barry-davis.org,068-587-1704,2024-07-08,Bronze
463,Barbara,Stewart,jward@yahoo.com,001-938-386-6103x924,2023-02-12,Gold
464,Charles,Elliott,alexander03@morales.info,+1-687-582-3964x625,2024-06-03,Gold
465,Kevin,Allen,xcox@fischer-jensen.com,+1-930-528-3635x65326,2024-07-30,Bronze
466,Kevin,Abbott,alicia19@yahoo.com,912-806-7267,2023-01-19,Bronze
467,Susan,Bennett,deborahjohnson@hotmail.com,158.604.9990x221,2025-04-21,Bronze
468,Jennifer,Benton,fclark@yahoo.com,+1-326-786-7335x871,2023-08-27,Silver
469,Shelby,Brock,amberschmidt@yahoo.com,(059)424-7382x81199,2024-11-10,Gold
470,David,Wood,hughesalison@griffith.info,275-396-9332x23724,2024-06-28,Bronze
471,Nathan,Moore,martinezjennifer@yahoo.com,001-861-745-2114,2023-12-16,Bronze
472,Charles,Perry,browncrystal@hotmail.com,(892)666-1669x96604,2023-04-12,Silver
473,Kevin,Duran,swilkins@edwards-lawrence.biz,001-743-549-2612x9036,2023-04-15,Bronze
474,Nicole,Schwartz,adam15@gmail.com,064.531.8473x3562,2025-02-02,Bronze
475,Kristen,Miller,jamierice@hotmail.com,261-173-7210x24143,2024-01-17,Gold
476,Felicia,Baldwin,william16@gmail.com,(650)872-8804,2024-08-04,Gold
477,Robert,Cooper,feliciamoreno@smith-hubbard.info,+1-476-626-1833x9614,2022-11-08,Gold
478,Curtis,Watkins,richardwilkins@yahoo.com,824-735-6523,2023-08-18,Silver
479,Kristine,Perez,asmith@miller-brady.com,+1-328-247-6375,2023-05-24,Silver
480,Richard,Mcdonald,karenclark@gmail.com,0454753251,2024-06-11,Bronze
481,Daryl,Lee,sherry19@hotmail.com,(991)397-2495x98674,2024-06-05,Bronze
482,Micheal,Craig,rarellano@higgins.com,001-876-723-5126x3755,2025-06-20,Gold
483,Timothy,Hall,lucaskimberly@yahoo.com,701-183-2044,2022-08-22,Gold
484,Cassandra,Patterson,shelley52@wells.com,+1-070-354-8373x7001,2024-07-26,Gold
485,Joshua,Hall,ruizamanda@knapp.org,+1-164-751-3892,2024-03-06,Silver
486,Robert,Wallace,npena@yahoo.com,885.310.4460,2024-11-19,Silver
487,Courtney,Li,adean@hotmail.com,+1-211-247-8461x441,2022-09-07,Gold
488,Bonnie,Roberts,timothyyoung@rivera-ortega.info,(430)243-6240,2025-06-14,Bronze
489,Tyler,Hernandez,matthew64@johnson-maldonado.com,496.337.3410,2025-03-04,Bronze
490,Stephanie,Diaz,kendra42@page-sherman.com,848.463.6555,2023-02-26,Silver
491,Christine,Perez,vrichardson@walls.info,001-161-073-0825,2024-07-28,Bronze
492,Samuel,Baldwin,juanmathis@hotmail.com,+1-867-450-5852x9057,2024-02-17,Gold
493,Stacey,Brock,ybrown@mcfarland.com,+1-146-645-1493,2024-09-22,Silver
494,Dan,Ramirez,danielle01@yahoo.com,328.811.2717x8297,2024-03-22,Bronze
495,Shannon,Jones,allison16@hotmail.com,001-656-611-7866x76185,2025-02-23,Silver
496,Brandon,Henry,shane32@obrien.com,(905)891-4029,2024-04-01,Silver
497,Jessica,Fry,kchristensen@yahoo.com,001-743-176-5474x6832,2025-02-13,Bronze
498,Antonio,Johns,nielsendanny@woods.com,020.072.7363x016,2022-11-05,Bronze
499,Elizabeth,Cruz,xcarpenter@yahoo.com,001-192-756-5092x036,2024-04-29,Gold
500,Timothy,Ramirez,courtney92@gmail.com,692-379-4053,2023-12-09,Silver
501,Christopher,Peterson,james49@hotmail.com,+1-628-416-4819x7164,2025-03-19,Bronze
502,Gene,Hall,lauren76@yahoo.com,+1-255-014-0153x0079,2023-05-30,Silver
503,Brian,Crawford,wrightwalter@gmail.com,096.762.3502x08683,2025-05-30,Silver
504,Daniel,Durham,eric29@collins.net,(484)490-7870x71147,2023-02-17,Silver
505,Andrew,Garrett,uflowers@gmail.com,(192)522-9742x804,2023-03-18,Bronze
506,John,Mckenzie,fholmes@hotmail.com,3762314183,2024-02-12,Bronze
507,David,Green,uowens@yahoo.com,901-169-6668,2023-05-02,Gold
508,Shannon,Jones,gloverjames@murphy.com,219-279-3687,2025-02-28,Gold
509,Kimberly,Barnett,ncampbell@austin-rodriguez.com,001-143-439-7552,2025-01-14,Silver
510,Tiffany,Brooks,daltoncraig@gmail.com,230.284.3993x1039,2024-05-26,Gold
511,Patrick,Armstrong,lisa06@webb-murray.biz,(490)344-3757x24079,2025-04-16,Gold
512,Benjamin,Moore,carlsonpeter@gonzalez.com,115-376-5357x48564,2023-10-10,Bronze
513,Christopher,Nguyen,douglasfoster@gmail.com,001-820-982-1971x5165,2022-08-30,Gold
514,Alyssa,Kim,phillipcannon@gmail.com,7380953322,2024-05-15,Bronze
515,Dylan,Morris,marylane@hotmail.com,001-667-827-4237x0898,2023-08-01,Gold
516,Jake,Kelly,rodney71@hotmail.com,050.486.1539,2024-06-03,Bronze
517,Michael,Roth,michelle70@hotmail.com,135-357-7309,2024-11-02,Bronze
518,Diana,Williams,lukelogan@bush.com,+1-094-152-3720x9919,2024-12-20,Bronze
519,Jennifer,Weaver,jenningsedward@butler.com,6153028885,2023-05-01,Gold
520,Krista,Ellis,ucruz@yahoo.com,001-635-299-3455,2025-04-04,Bronze
521,Theresa,May,isaacyoung@alvarez.com,7091671250,2023-04-05,Bronze
522,Joshua,Mccann,adamsdaniel@yahoo.com,+1-891-863-3939,2024-06-24,Gold
523,April,Brown,lisa75@yahoo.com,504.584.1951x3854,2024-05-18,Gold
524,Michelle,Hawkins,brian89@garcia.biz,544-308-4207,2024-06-23,Silver
525,Shannon,Cook,williamsdanielle@gmail.com,(976)848-9604x035,2025-05-07,Gold
526,John,Jones,christopher95@hotmail.com,810-409-4104x4545,2024-02-01,Silver
527,James,Willis,ryan95@lewis-hudson.biz,001-227-791-0366x71259,2025-07-27,Silver
528,Travis,Hammond,tracy35@greer.org,507.158.9757x5059,2024-08-06,Gold
529,Adam,Allen,qriley@holmes-nelson.com,(796)857-0160x4025,2024-07-20,Silver
530,Marcus,Sullivan,davidnguyen@yahoo.com,+1-188-700-7512,2025-07-19,Bronze
531,Deanna,Mckinney,nroberts@gmail.com,339-530-0797x437,2023-04-14,Bronze
532,Marcus,Clark,mullenjason@gmail.com,869-404-1595x7667,2023-11-17,Silver
533,Andrew,Coleman,lindaknight@hobbs.com,001-896-929-7999x772,2023-06-24,Silver
534,Tina,Campbell,thorntonpatricia@campbell.com,001-546-074-4458x2699,2023-11-25,Bronze
535,Carla,Nguyen,ffarley@yahoo.com,+1-044-250-0716x49446,2023-12-02,Bronze
536,Sheri,Mayer,bradleymoore@yahoo.com,+1-487-720-3659x46950,2023-07-31,Bronze
537,Gabriel,Mitchell,hensleyjose@kelly.com,001-443-283-7447x29386,2023-06-26,Gold
538,Rebecca,Rice,harrellmatthew@gmail.com,319-393-3332x138,2022-09-02,Silver
539,Jason,King,stephanie41@morrow-donovan.com,728.715.2039,2025-06-16,Gold
540,Norma,Blair,whitejohn@jones-chan.net,001-279-862-8600,2024-07-08,Bronze
541,Pamela,Carter,ubaldwin@mcconnell-armstrong.org,984-994-2468x4440,2023-08-09,Silver
542,Jeffrey,Rivera,cindy25@gmail.com,+1-961-884-9538x660,2023-08-01,Silver
543,Lauren,Weeks,lmcdaniel@macias-davis.com,370.612.2950,2023-03-31,Bronze
544,Angela,Bowman,oroberts@hotmail.com,(365)037-0910x799,2024-05-02,Silver
545,Jeffrey,Daugherty,ortegasarah@gmail.com,093-903-8471,2023-04-03,Bronze
546,Erin,Hart,awilson@gmail.com,306.955.7210x005,2023-11-04,Silver
547,Matthew,Sullivan,christiewarner@michael-williams.net,(007)830-6677x70586,2025-07-18,Silver
548,Jason,Williams,kellywyatt@gmail.com,929-834-8224,2023-11-02,Silver
549,Scott,Gibson,andrewsmonica@hotmail.com,001-305-376-6812x524,2025-04-24,Bronze
550,Richard,Patrick,cynthiaconner@guerrero.org,001-808-493-1909x894,2024-07-24,Silver
551,John,Mason,fdavis@hotmail.com,(029)107-8978x4834,2023-10-15,Gold
552,Christina,Johnson,cynthiakelley@shepard.org,(150)750-3996x6191,2023-09-16,Silver
553,Joshua,Dominguez,lambertsierra@hotmail.com,919-441-3874x3920,2025-08-03,Gold
554,Gregory,Buck,cummingsjason@hotmail.com,+1-143-855-2290,2025-06-21,Silver
555,Maria,Thomas,slarson@elliott.com,(716)185-2825,2024-07-10,Bronze
556,Nathan,Cantrell,baldwinclayton@gmail.com,+1-404-070-3431,2024-10-26,Silver
557,Jason,Kelley,nlynch@hotmail.com,523.750.0090,2023-07-14,Bronze
558,James,Powers,cguerrero@gmail.com,171-466-5019x9569,2024-04-21,Bronze
559,Jennifer,Maynard,beckmichael@gmail.com,303.105.9910,2025-07-11,Bronze
560,Rachael,Stephens,natalie72@combs.biz,321-092-7078,2025-06-17,Bronze
561,Shirley,Anthony,fstone@white.com,789-323-4048x750,2024-07-04,Bronze
562,Joshua,Hernandez,uforbes@hotmail.com,181.754.7829x769,2024-04-15,Silver
563,Kristin,Moyer,samanthaguerrero@potts.info,835.498.6398,2023-10-16,Bronze
564,Bethany,Woods,lindsaychristian@hotmail.com,(178)749-4589x1658,2025-06-30,Gold
565,Toni,Brown,ejohnson@may.biz,001-366-513-0535x6482,2022-09-26,Gold
566,Eric,Lutz,newtondiane@olson.com,001-188-425-8121x22112,2025-03-19,Bronze
567,Lucas,Mathews,brittanystewart@hotmail.com,001-557-367-0028x7841,2022-09-16,Silver
568,Robert,Snyder,nhudson@weber-hill.com,(496)516-9441,2025-07-07,Silver
569,Ashley,Payne,kathleenwoods@bryan.com,+1-509-978-5763x39165,2023-08-29,Silver
570,Alison,Green,victor40@brown-miller.com,(781)844-5280,2025-08-15,Silver
571,Jacob,White,ohayden@zimmerman.biz,+1-484-447-7039x91905,2024-10-20,Gold
572,Julia,Luna,jbuckley@gmail.com,001-265-610-3733,2025-08-19,Gold
573,Jerry,Forbes,taylorwatson@woodward-bright.com,054.064.2735x9912,2025-05-09,Silver
574,Brian,Campbell,staffordmatthew@randall-james.com,+1-509-278-3005,2023-06-03,Bronze
575,Carlos,Vargas,ryan43@nielsen-burns.com,001-004-365-7351,2023-01-07,Silver
576,Amy,Lozano,hannah86@hotmail.com,(760)914-7492,2024-12-31,Bronze
577,Justin,Boone,rjohnson@edwards.com,(746)963-0609,2023-02-12,Bronze
578,Alexander,Massey,joseph29@leach.com,502-623-9588,2023-09-11,Silver
579,Olivia,Edwards,obarnes@miller-lee.info,248.712.3221,2024-02-01,Gold
580,Randy,Gonzales,xavierjones@patterson-gutierrez.com,559.094.9858x003,2024-02-23,Gold
581,Kyle,Jefferson,dominiqueferguson@logan.com,566.120.4180,2024-01-03,Bronze
582,Phillip,Barber,thorntonandrew@moran-nguyen.com,+1-002-694-6845x3840,2024-02-12,Bronze
583,Jillian,Valentine,michael00@gmail.com,774.146.9256,2023-03-09,Gold
584,Brian,Russell,brichardson@gmail.com,(542)475-3737,2024-10-23,Silver
585,John,Zavala,ilowery@yahoo.com,241-744-6224x614,2023-06-21,Silver
586,Gina,Woods,gregorykevin@gmail.com,+1-255-831-6034x3797,2025-08-12,Silver
587,Erika,Williams,michaelburke@yahoo.com,(077)858-0052x959,2022-12-12,Bronze
588,Thomas,Tucker,burnsamanda@yahoo.com,(972)178-9347x94833,2023-06-13,Silver
589,Heather,Holland,kaylaromero@day.com,(954)922-8841x347,2023-04-02,Gold
590,Christopher,Collins,jsmith@white-merritt.com,561.017.0812x903,2023-01-15,Silver
591,Anthony,Hernandez,matthewmoran@yahoo.com,821-047-3782x840,2023-07-18,Bronze
592,Bryan,Mcclain,mathew36@hotmail.com,(128)848-0924x6231,2024-12-16,Silver
593,Jeffrey,Warren,lisa72@walker.org,165.425.7709x2946,2025-03-08,Bronze
594,Jerry,Hood,vwatkins@hotmail.com,+1-222-840-3978,2023-02-23,Silver
595,Amy,Ball,brianna74@gmail.com,(484)055-1335x1813,2024-01-16,Bronze
596,William,Lee,vancesteven@obrien-lawrence.com,+1-541-835-1413x0761,2023-04-07,Gold
597,Luis,Davis,zduncan@yahoo.com,+1-971-838-9919x8431,2024-10-14,Gold
598,Maria,Baker,ysummers@carter-collins.com,589.585.0459x35454,2025-04-01,Gold
599,Christina,Roberts,sharon59@gmail.com,1066779046,2023-05-16,Gold
600,Benjamin,Mendoza,josephyoder@hotmail.com,(764)773-9871x9801,2025-01-01,Gold
601,Thomas,Leon,johnhunt@serrano-lucas.info,567-443-0483,2024-10-14,Gold
602,Robert,Henry,bradleycooper@gutierrez-burnett.com,(335)688-7474x8146,2025-01-04,Silver
603,Sean,Evans,gregory94@wise.biz,(014)912-6126x0784,2023-05-04,Silver
604,Ariana,Bowers,hrobinson@bailey-grant.org,720-887-6004x63751,2025-01-12,Bronze
605,Leah,Strong,townsendbrittany@cisneros-cochran.com,+1-023-209-0794x009,2024-02-19,Silver
606,Samantha,Daniels,deborahrios@yahoo.com,001-631-856-4456x185,2024-02-19,Gold
607,Sara,Rogers,michellesmith@green-lee.com,(331)981-0023x184,2024-12-16,Bronze
608,Karen,Evans,robertmiranda@murray.com,(795)296-7463,2025-01-09,Gold
609,Daniel,Benton,johnsoncorey@yahoo.com,(369)766-4950,2024-09-15,Bronze
610,Benjamin,Spencer,mwagner@yahoo.com,4336159801,2025-07-28,Silver
611,Mark,Smith,chelseabush@smith.net,001-372-376-6157x733,2024-09-28,Silver
612,Tracey,Bailey,lewismichael@yahoo.com,(057)342-5125,2025-02-04,Gold
613,Brian,Andrade,duanekoch@hotmail.com,412-424-8437,2022-10-01,Silver
614,Diane,Colon,klopez@cooper.com,174-012-4948x057,2025-06-06,Silver
615,Edwin,Guerra,angelaray@gmail.com,459-014-2778x53142,2022-08-26,Silver
616,Diana,Howard,jackbrown@brown-beard.net,790.629.3854x75125,2022-12-11,Silver
617,Alexander,Whitehead,frankkayla@patterson.biz,802-971-6129x195,2023-08-24,Gold
618,Amy,Butler,mccoyscott@hotmail.com,057-334-7288x361,2022-11-15,Bronze
619,Ebony,Ramirez,nicolehill@brooks-hammond.com,(658)241-1912x82042,2023-10-31,Silver
620,Alfred,Juarez,yjohnson@kelly-smith.org,329-649-6092x1032,2025-07-16,Bronze
621,Kimberly,Brown,wilsonkirk@gmail.com,(166)077-6168,2024-02-12,Silver
622,David,King,michael40@garcia-brown.com,016.404.1504x3051,2022-10-26,Bronze
623,Alexander,Carpenter,kelseybyrd@martinez-rogers.com,102-105-0234,2025-06-30,Bronze
624,Ariel,Coleman,dennispaul@yahoo.com,849.528.4127x1800,2024-11-30,Bronze
625,Mackenzie,Fox,jennifer94@yahoo.com,449.922.4114x265,2023-04-13,Silver
626,April,Copeland,frank81@willis-steele.com,561-318-3411x818,2024-02-04,Bronze
627,Jessica,Becker,lisa27@hotmail.com,012-901-9702,2023-11-14,Silver
628,Alison,Rose,kara05@gmail.com,001-923-943-7754x2914,2022-09-10,Silver
629,Shannon,Miles,jameshubbard@hotmail.com,001-274-549-9951x8372,2025-07-12,Silver
630,Brian,Adams,jeffreyanderson@smith-johnson.com,001-234-735-4488,2024-06-13,Bronze
631,Jacob,Rice,jennifersuarez@yahoo.com,738-716-0287x02213,2024-10-07,Silver
632,Jacqueline,Lynch,emilygreen@ingram.com,026-216-2368x0431,2022-11-13,Gold
633,Sarah,Kim,bferguson@hotmail.com,+1-870-235-5406x812,2022-11-23,Silver
634,Douglas,Bolton,stacy17@gmail.com,(185)696-2201,2025-07-06,Silver
635,Angela,Parks,nicoleduran@hudson-williams.org,754-032-1518,2022-12-22,Gold
636,Nicholas,Mcneil,tiffany28@leblanc.com,001-373-111-4413,2023-05-05,Bronze
637,Scott,Dyer,rhonda58@yahoo.com,(472)801-4312,2022-08-21,Silver
638,Jason,Davis,thomaskemp@yahoo.com,+1-346-894-7683x05850,2024-08-04,Silver
639,Allen,Rogers,noneill@yahoo.com,001-735-977-6403x911,2024-06-15,Silver
640,Scott,Jenkins,pughjoan@wright-burnett.com,+1-153-055-8929x839,2024-12-27,Bronze
641,William,Gallegos,claudiaoliver@gmail.com,+1-325-211-0971x70833,2023-11-29,Silver
642,Michael,Tanner,qguerrero@yahoo.com,(012)091-1332,2024-04-16,Gold
643,Lori,Taylor,sheila23@campos.com,(927)321-4488x0342,2024-09-27,Bronze
644,Clifford,Steele,joshuajones@young-white.com,(407)389-5597x00644,2022-12-17,Bronze
645,Savannah,Ortega,samuel93@martin.com,(346)461-0914x748,2022-08-26,Silver
646,Renee,Hobbs,delgadojames@brooks-woods.org,(022)948-7808x18326,2025-03-17,Silver
647,Carol,Francis,xthomas@chavez.info,761-260-5699x355,2024-08-01,Silver
648,Dawn,Jones,ruizsteven@yahoo.com,001-770-135-6788x365,2025-05-29,Gold
649,Shelia,Shaw,jamieduarte@hull.com,(819)078-2897x2507,2025-03-02,Bronze
650,Jennifer,Willis,martinjoe@kane-robbins.com,4820364175,2025-01-06,Silver
651,Patrick,Garcia,wellsjasmine@gmail.com,094-499-6371,2025-07-15,Gold
652,Jeffrey,Rodriguez,nswanson@hotmail.com,001-304-343-5574x0474,2022-10-29,Bronze
653,Tara,Armstrong,kennethali@gmail.com,243-663-8800,2025-04-06,Silver
654,Joseph,Smith,jesse00@hotmail.com,+1-972-132-8541x94603,2024-09-23,Gold
655,Olivia,Lang,robin19@jones.com,(152)654-0077,2022-12-31,Silver
656,James,Anderson,rmurray@edwards.net,(148)534-6627x55898,2023-12-25,Bronze
657,Sarah,Miller,gwendolynjackson@hotmail.com,+1-933-054-6719x267,2025-07-04,Gold
658,Tammy,Rogers,josephyu@daniel.com,245.049.9828x329,2023-09-14,Bronze
659,Danny,Morse,raymond49@gmail.com,+1-992-591-2454x3760,2023-02-04,Silver
660,Ivan,Hogan,seanbutler@yahoo.com,864-946-8841x44229,2023-03-29,Bronze
661,Stacy,May,shepherdangela@morris.info,(466)721-3594x710,2025-06-13,Silver
662,William,Calhoun,james90@thomas.com,651-898-4808,2024-04-09,Silver
663,Luis,Archer,blopez@adams.com,001-697-607-2947x915,2024-08-11,Gold
664,Katherine,Bean,crivas@parker.com,130-134-2499x845,2023-05-14,Silver
665,John,Calhoun,carol71@yahoo.com,473-377-9157x6885,2025-04-30,Bronze
666,Tracy,Austin,peter62@salinas.com,258.874.1286,2024-11-07,Gold
667,Robert,Ware,andrew14@yahoo.com,833-675-5628,2023-12-08,Silver
668,Christopher,Ross,lcarter@price.info,+1-325-447-1060x54708,2022-09-14,Bronze
669,Adam,Reese,gonzalezmark@jackson.com,770-967-0130,2023-05-01,Silver
670,Frank,Allen,hubbardkrystal@gmail.com,123.035.1943x00479,2025-05-30,Gold
671,Natalie,Chan,brandonsullivan@ross-jones.com,995-381-6866,2025-03-20,Silver
672,Natalie,Allen,cuevaskimberly@gmail.com,(731)874-2769x471,2023-08-06,Silver
673,Alicia,Garcia,thomasdennis@yahoo.com,526-131-5595x9272,2023-05-17,Bronze
674,Stephen,Valentine,dmendoza@bennett.com,1392674778,2024-05-13,Silver
675,Patrick,Stark,currymichele@hotmail.com,607-565-2066,2023-10-04,Bronze
676,Dawn,Collins,ndorsey@yahoo.com,962-644-7191x0259,2023-06-10,Gold
677,Robert,Ward,shari69@moore-smith.com,592.339.2175x92084,2023-12-11,Bronze
678,Brent,Clarke,monicaray@gmail.com,(906)208-0933,2024-02-06,Gold
679,James,Williams,jessicamiles@mathews.info,780.455.3323x3208,2023-01-29,Bronze
680,Earl,Miranda,robertcruz@moran.com,001-489-842-8255,2025-02-17,Silver
681,Brooke,Reyes,robertareed@wilson.net,243-342-0132,2023-09-13,Gold
682,Kathy,Jones,hopkinslisa@yahoo.com,883-037-1558x4516,2025-02-25,Gold
683,Vincent,Wall,kayala@gmail.com,(314)340-6596x5723,2023-09-24,Bronze
684,Ryan,Stephens,danabauer@yahoo.com,001-612-909-5940,2024-06-17,Bronze
685,Joe,Brandt,joseph66@gmail.com,+1-853-547-9248x6870,2025-05-31,Silver
686,Shelby,Steele,matthew22@yahoo.com,(036)686-4517x70586,2025-08-11,Silver
687,Tamara,Smith,heatherdavis@hull.com,319.762.5429,2024-06-15,Silver
688,Laura,Hanson,rosegeorge@white.net,050.243.7487,2025-03-29,Silver
689,Heather,Jimenez,alvareztaylor@hotmail.com,001-008-967-9324x6342,2023-04-10,Bronze
690,Loretta,Downs,stephen71@gmail.com,109.304.1938x9245,2025-05-16,Bronze
691,Holly,Bryant,juanchapman@frank-carpenter.org,024-226-7955,2022-09-15,Bronze
692,John,Thompson,chale@shepherd.com,(191)795-6089x6663,2025-03-27,Gold
693,Sandra,Arnold,asanders@hotmail.com,+1-424-009-3425x39808,2024-07-14,Bronze
694,Rhonda,Vega,timothylee@gmail.com,+1-632-699-7076x94673,2022-08-26,Silver
695,Douglas,Smith,jacobfreeman@gmail.com,001-781-398-0755,2024-01-29,Bronze
696,Brandon,Ramirez,stonekathleen@gmail.com,040-749-9737,2023-05-21,Gold
697,David,Kelly,qlopez@sherman-williams.com,+1-913-521-3742x94938,2022-10-06,Bronze
698,Amy,Edwards,richardgood@gmail.com,(818)785-9469,2024-04-08,Silver
699,Julie,Kennedy,angela02@rivera.net,0520339291,2022-09-25,Gold
700,David,Guzman,bethanyking@medina.com,001-407-187-9680x5845,2024-03-16,Bronze
701,Eric,Johnson,shannonwagner@hotmail.com,(383)570-3880x5064,2024-12-20,Gold
702,Adam,Richards,connermarcus@gmail.com,(529)461-8342,2025-04-20,Gold
703,Anthony,Stewart,thompsonmichelle@reid.com,(143)034-1194,2023-02-23,Gold
704,William,Wade,charles64@hotmail.com,063-219-8205x050,2022-12-12,Silver
705,Samuel,Johnson,josesanchez@hotmail.com,(969)561-3771x1234,2023-04-11,Silver
706,Danielle,Richardson,brendamiller@yahoo.com,0219053480,2025-03-07,Gold
707,Donna,Drake,humphreyamanda@gmail.com,548.883.1424x62295,2022-09-13,Silver
708,James,Johnson,hmalone@woodward.com,(661)645-3249x8472,2024-02-23,Gold
709,Paul,Lopez,mariosolis@gmail.com,(697)370-9316x671,2023-05-27,Bronze
710,Alicia,Adkins,jonesamber@hill.biz,246-888-6050x01291,2024-02-29,Gold
711,Lisa,Becker,amymorales@gmail.com,+1-591-434-0435,2022-12-26,Silver
712,Mary,Jones,brandonharrell@lane.biz,0788369626,2023-07-16,Gold
713,Jason,Garrett,ddunn@hotmail.com,645.284.9147x3236,2025-02-22,Gold
714,Robert,Gonzalez,cwashington@hotmail.com,(580)049-8827x77586,2022-12-25,Bronze
715,Alan,Bradley,villegasdana@rodriguez.com,(434)698-9308,2024-06-22,Gold
716,Brandon,Spears,evan16@carter.info,001-169-416-4930,2024-11-20,Gold
717,Juan,Burgess,skinneranne@davidson.info,9541539337,2025-02-16,Gold
718,Alan,Ortiz,brycesoto@hunt.net,+1-610-102-9539,2024-05-24,Gold
719,Charles,Barton,angela34@hotmail.com,(228)027-3895x62963,2025-06-27,Silver
720,Gloria,Ford,jennifermelendez@lewis.com,163.362.8721,2024-03-08,Gold
721,Susan,Yates,griddle@hotmail.com,+1-785-689-8470x891,2023-06-05,Gold
722,Rachel,Freeman,orivera@gmail.com,(721)882-9921,2024-01-28,Silver
723,Melissa,Weaver,sarahcastillo@hotmail.com,540.641.8614x80653,2023-10-08,Gold
724,Anthony,Murphy,cruzfelicia@yates.com,001-779-671-8821x67866,2025-04-27,Bronze
725,Sarah,Rivera,zgarcia@fitzgerald-jackson.com,209-751-4717x395,2022-10-30,Silver
726,Tim,Butler,nunezwilliam@yahoo.com,1221733040,2022-12-20,Bronze
727,Daniel,Jones,warekendra@hotmail.com,3622373529,2025-03-21,Gold
728,William,Moody,whitelori@hotmail.com,938.238.9538x0872,2024-07-17,Bronze
729,Gregory,Reyes,kristi09@hotmail.com,(355)889-4274x94621,2022-12-18,Silver
730,Ashley,Hall,keithliu@yahoo.com,700-494-0964x73291,2022-09-28,Bronze
731,Frank,Juarez,willie85@garcia.com,(108)613-6728,2023-12-12,Gold
732,Amanda,Hood,tholland@baldwin.info,260-122-6491,2024-05-05,Silver
733,Samantha,Walker,smithjose@gmail.com,001-131-752-1872x3090,2024-09-25,Gold
734,Heather,Riley,onielsen@gmail.com,(079)439-0131x78552,2022-09-15,Bronze
735,Jill,Riggs,randywebb@gmail.com,6284400315,2025-06-22,Gold
736,Aaron,Jones,vlewis@smith.com,3641873277,2024-06-14,Silver
737,Sandra,Matthews,cgreen@miller-henry.org,768.844.8535x08546,2022-11-02,Silver
738,Jennifer,Livingston,ryansusan@gmail.com,(155)714-3208,2023-08-18,Bronze
739,Karen,Wilson,lisagoodwin@frey-carroll.com,+1-083-709-0623x498,2023-03-10,Silver
740,Vanessa,Mejia,williamsdaniel@crawford.com,316.812.8196,2025-06-06,Gold
741,Margaret,Glenn,avelasquez@jones.com,6411962110,2023-03-24,Silver
742,Sarah,Reed,troywebster@yahoo.com,001-875-679-7608x92365,2024-11-07,Gold
743,Zachary,Moore,oblake@kelly.biz,(076)617-1793,2025-06-16,Bronze
744,Vanessa,Orozco,jjackson@gmail.com,579-722-2525x8760,2025-05-24,Bronze
745,David,Arellano,mjones@hotmail.com,+1-053-409-5381,2024-02-24,Gold
746,Rachel,Collins,tinathompson@yahoo.com,+1-361-054-6445x584,2023-01-06,Gold
747,Jill,Garcia,gloverjulie@solomon-robinson.com,822-034-7586x59916,2024-02-24,Silver
748,Lucas,Brown,turnerashlee@mclaughlin.com,012.696.3451x6467,2024-10-25,Bronze
749,Walter,Anderson,martinezaaron@hotmail.com,653-628-4440x69997,2023-04-23,Bronze
750,Rebecca,Hill,johnallen@yahoo.com,(626)875-0412x70179,2023-05-14,Gold
751,Cathy,Patton,ortizsheila@jefferson.com,310-998-6260x5016,2025-07-11,Gold
752,Benjamin,Gardner,phudson@williams.com,(352)567-9836,2024-05-22,Bronze
753,Nicole,Brown,katrina72@gmail.com,966.934.4961x87164,2024-09-18,Gold
754,Derrick,Hanson,cherryian@yahoo.com,952.557.9718x64428,2024-11-04,Gold
755,Kelly,Spencer,agarcia@moreno.com,+1-834-245-8784,2024-03-23,Bronze
756,Theresa,Lyons,amandamoreno@lowery-henry.com,(225)163-7927x54006,2024-10-05,Gold
757,Savannah,Ortiz,bradley34@hotmail.com,001-680-984-9212x924,2022-12-02,Silver
758,Carlos,Dunn,hillandrew@mathis-golden.biz,3327177256,2024-03-08,Silver
759,Susan,Jackson,lphelps@yahoo.com,647.348.4922x8570,2023-05-14,Bronze
760,Douglas,Wang,jeromebrown@brown.com,(808)822-3304,2022-10-08,Silver
761,Christopher,Archer,kyle20@norton.net,(422)396-0967x86355,2024-12-01,Silver
762,Kendra,Martin,colleen94@gmail.com,001-279-811-1073x5569,2022-10-24,Silver
763,Christian,Smith,james21@hotmail.com,+1-713-691-8715x53855,2024-03-16,Gold
764,Lisa,Garcia,beth61@lyons.com,(630)153-5450,2023-05-03,Silver
765,Cody,Montes,jimenezdeanna@adkins-daniel.org,5890469427,2022-12-29,Silver
766,William,Pratt,leah52@yahoo.com,+1-946-542-3888x71412,2023-08-10,Gold
767,Michael,Turner,perezmichael@gmail.com,+1-604-985-6610,2024-03-18,Silver
768,Karen,Baker,tina17@booker.com,3873449857,2024-05-24,Bronze
769,Cristina,Wilson,aguirrejessica@gmail.com,001-033-061-7300,2024-11-01,Gold
770,Felicia,Walker,alexander01@sanders.com,+1-243-535-7306x11911,2023-06-28,Silver
771,Michael,Payne,jriley@hood-aguilar.biz,493-028-1879x0963,2024-05-28,Gold
772,Steven,Barnes,chungvalerie@barnes.com,+1-638-581-3329,2025-07-27,Bronze
773,Leslie,Patterson,iwilson@yahoo.com,(443)945-5486,2022-10-18,Gold
774,Lawrence,Braun,johnthompson@greene.org,001-188-281-9397,2024-08-25,Gold
775,Eric,Smith,gibsonricky@collins.net,577-714-8450,2024-09-20,Bronze
776,Jessica,Little,anthonyvargas@norris-cross.com,733.747.8272x7760,2023-07-24,Gold
777,Alicia,Perez,ywagner@contreras.com,001-304-523-7329x3762,2025-04-02,Bronze
778,John,Krueger,melissavega@hotmail.com,(311)437-3003,2024-02-13,Gold
779,Michael,Williams,charles52@delgado.com,876-591-2274x349,2024-10-24,Gold
780,James,Cobb,jjohnson@yahoo.com,259.161.5333x6776,2024-09-26,Bronze
781,Joseph,Bullock,juan29@swanson-watts.com,+1-185-855-2536x4962,2024-02-11,Gold
782,Frank,Horne,ugraham@yahoo.com,+1-703-958-5009x0853,2025-06-01,Bronze
783,Alejandro,Johnson,lopezjaime@singleton-andrade.com,695.203.1775,2023-08-21,Gold
784,Patricia,Salinas,hallmichelle@cherry-schmidt.com,845-538-8806,2022-12-10,Gold
785,Linda,Callahan,anthony25@gallagher.com,(556)543-3032x77354,2023-01-18,Gold
786,Michael,Little,upatterson@yahoo.com,001-685-309-6444,2022-09-18,Bronze
787,Elaine,Martin,zclark@roth-shannon.net,(384)210-9201,2024-01-03,Gold
788,Ricky,Lester,brownsteven@obrien.com,001-413-904-4867,2023-07-18,Gold
789,Renee,Cain,lori60@smith.com,001-234-162-8740,2024-08-12,Gold
790,Ashley,Gonzalez,jason03@cook.net,438.478.9961x466,2023-01-18,Silver
791,Robin,Allen,wilsonvictor@wu.com,+1-678-676-7430x8784,2023-06-23,Silver
792,Gina,Williams,mdavis@hobbs-burgess.com,(992)453-4667,2023-08-08,Silver
793,Lisa,Terry,blutz@hall-mitchell.com,223.801.9032,2025-01-28,Silver
794,Christian,Alexander,sarahharvey@yahoo.com,108-411-3374x1019,2024-11-09,Gold
795,Andrew,Alvarez,egonzalez@ford-velazquez.biz,2922390566,2025-07-09,Silver
796,Kim,Chandler,vpatrick@montoya.com,(083)562-7762,2023-06-08,Gold
797,Seth,Morgan,bdixon@garrett.org,219.801.9479x397,2025-08-06,Bronze
798,Anne,Vasquez,garygrimes@yahoo.com,+1-844-448-5065,2022-10-22,Gold
799,Kristine,Matthews,waltersdean@woodard-ward.com,992.547.7828x82915,2023-01-31,Silver
800,Terri,Ross,jason61@yahoo.com,847-440-8022x5285,2023-11-04,Gold
801,Corey,Fuentes,uthompson@hotmail.com,361.979.5683x0805,2024-04-12,Gold
802,Timothy,Weaver,brownbrooke@cooper.net,(067)132-8156x4456,2024-04-27,Bronze
803,Morgan,Brown,longmark@duran.com,001-416-445-0144x12100,2022-11-26,Gold
804,Tonya,Nichols,cliffordpayne@neal.com,910-136-3386,2023-05-20,Bronze
805,Mario,Morrison,dhaas@jackson.com,6836345511,2024-05-15,Silver
806,Angela,Reynolds,zachary01@yahoo.com,140.880.2195x4169,2023-05-19,Gold
807,Jamie,Tran,dianelevy@fox.com,001-858-242-1541x2482,2022-11-03,Silver
808,Michael,Kent,stevenwilson@combs.org,001-319-700-3737,2025-03-31,Bronze
809,Lisa,Sherman,patrickwright@hernandez.com,357-590-7994x175,2025-06-08,Silver
810,Colton,Adams,vellison@fields-sullivan.net,8333019407,2023-09-09,Gold
811,Roy,Ferrell,emma05@young.com,(652)324-2493,2025-04-05,Bronze
812,Ian,Murray,scottdoyle@gmail.com,876.544.3037x6010,2024-08-02,Bronze
813,Megan,Guzman,jefferyfoster@obrien-davis.com,(912)874-9911,2024-03-15,Silver
814,Lisa,Scott,xwong@diaz-mccarty.net,001-693-434-5376x691,2023-02-08,Gold
815,Billy,Morgan,lisascott@johnston-fox.biz,001-036-626-0157,2025-06-06,Silver
816,Joseph,Melton,ncarter@curtis.org,+1-665-777-8575,2023-04-03,Silver
817,Stephanie,Luna,skim@hotmail.com,244.372.5409x4154,2024-05-29,Silver
818,Cheryl,Grant,donlewis@bryant-buchanan.org,774.342.5405x688,2023-02-27,Silver
819,Mark,Olson,lisa41@stewart.com,001-079-728-8715,2023-07-26,Bronze
820,Sandra,Blevins,pwilliams@hotmail.com,(641)431-0580,2022-12-19,Gold
821,Nathan,Conner,martinezlynn@smith.org,398-766-2463,2025-04-29,Gold
822,Catherine,Gordon,josephsnyder@yahoo.com,205-311-3612x8924,2023-06-26,Bronze
823,Nicholas,Pittman,kimmyers@yahoo.com,(259)275-1016x135,2024-01-08,Silver
824,Patricia,Townsend,patelmark@stevenson.com,(806)545-2394x50738,2024-12-16,Silver
825,Maurice,Cook,zramos@golden.biz,665-726-6255,2024-03-29,Gold
826,Faith,Freeman,michellehancock@yahoo.com,051.305.8031x55651,2023-12-06,Gold
827,Aaron,Washington,robert07@sellers.info,(558)713-1307,2024-01-20,Bronze
828,Stephanie,Nguyen,whart@hotmail.com,(487)309-4289x645,2025-02-21,Silver
829,Shannon,Weber,anthonyunderwood@wheeler.com,968.798.2409,2023-08-26,Gold
830,Kelly,Odom,markwashington@yahoo.com,001-391-277-7274,2022-12-01,Gold
831,Michelle,Mendez,xdaniels@martin.com,9920104114,2024-03-08,Silver
832,Johnny,Navarro,russodestiny@hotmail.com,(350)298-3477x790,2025-03-21,Gold
833,Jared,Lin,lauren42@chapman-patel.com,125.286.4974x0477,2022-08-27,Bronze
834,Gregory,Le,smithsydney@hotmail.com,001-544-284-3023,2025-01-08,Gold
835,Charles,Mack,barbara41@yahoo.com,7501125767,2024-08-02,Bronze
836,Carmen,Young,keith06@gmail.com,001-159-747-5025,2022-10-15,Silver
837,Nicole,Martinez,jessicawhite@hotmail.com,001-965-320-8027x6130,2024-12-23,Bronze
838,Paul,Riley,lopezmaria@yahoo.com,5283383355,2024-07-29,Gold
839,Shane,Hill,wilkersonjames@lopez.com,(666)341-8173x703,2024-02-15,Gold
840,Kendra,Silva,linda64@jackson.com,(129)809-2608,2023-08-29,Silver
841,Catherine,Mills,seth92@yahoo.com,+1-264-446-1207,2022-09-11,Silver
842,Kelli,Bailey,cassidy45@willis-larson.com,(353)742-4054x4281,2023-11-24,Bronze
843,Cesar,Reynolds,steven48@hotmail.com,001-430-076-6090x19883,2025-03-09,Bronze
844,Julie,Brown,melissa16@gmail.com,+1-268-912-2503x821,2022-08-27,Bronze
845,Jason,Hansen,paulgarcia@hotmail.com,001-275-883-7092,2023-04-23,Gold
846,Robert,Smith,pittsandrew@gmail.com,197-290-4068x902,2024-02-27,Gold
847,Scott,Cortez,jarmstrong@gmail.com,001-084-214-8510x31304,2023-09-01,Gold
848,Andre,Curtis,jasonwagner@gmail.com,(615)146-9947,2024-11-20,Bronze
849,Amanda,Olson,mzavala@gmail.com,362.276.0906x2955,2025-08-06,Silver
850,Raymond,Charles,matthewberger@long.com,+1-269-425-2858x11377,2024-01-30,Gold
851,Holly,Mcclain,megantaylor@gmail.com,(755)170-2344x6362,2024-05-11,Bronze
852,Patrick,Mcgee,inelson@barnes-ferguson.com,3585675356,2025-07-12,Gold
853,Lauren,West,donna60@gmail.com,659-358-6140,2025-03-14,Silver
854,Robin,Conley,kayla61@prince.com,001-047-839-8264x066,2025-03-17,Gold
855,Kimberly,Coleman,cookrobert@yahoo.com,951.162.8877,2023-01-06,Bronze
856,Christopher,Thomas,uboyer@moody-cobb.com,479-298-1239x11389,2025-02-23,Gold
857,John,Morales,kathryn41@phelps.com,108.479.6670x167,2023-11-26,Bronze
858,Sabrina,Ingram,matthew11@yahoo.com,(519)276-4619,2025-07-17,Silver
859,Amy,Lewis,timothy98@harrison.com,163.064.8746x5012,2023-06-02,Silver
860,Tamara,Owens,collinsdeanna@kim-harris.com,506.048.5703x6500,2025-04-01,Silver
861,Taylor,Brown,william05@hotmail.com,001-377-027-5133x3229,2025-02-26,Gold
862,Luis,Lee,heatheradams@hotmail.com,521.839.7059,2024-09-15,Silver
863,Edward,Adams,wigginseric@jones.com,001-078-303-9369x454,2025-01-06,Bronze
864,Barbara,Garner,shawnpeck@gmail.com,+1-221-848-8975x29125,2023-03-04,Gold
865,Robert,Morris,courtneyroberson@bell.com,(784)710-3365,2023-01-03,Silver
866,Derek,Smith,burkenatalie@hotmail.com,+1-496-338-1823x840,2024-11-06,Gold
867,Belinda,Rice,rsmith@gmail.com,001-147-920-3346,2024-11-26,Silver
868,Thomas,Ramirez,rodriguezjoshua@gonzales-zuniga.com,001-240-211-3817x426,2025-02-17,Silver
869,Kevin,Jenkins,brooke99@jones.net,+1-699-846-7271x66809,2023-07-05,Silver
870,Todd,Armstrong,youngbrian@gmail.com,717.270.3255x952,2023-03-03,Silver
871,Andrew,Gardner,martinezdavid@hotmail.com,635.344.7086,2022-12-02,Bronze
872,Betty,Scott,timothythomas@yahoo.com,944.797.1319x215,2023-09-15,Bronze
873,Diane,Allen,hopkinsandrew@foley.com,567-459-7465,2023-10-27,Bronze
874,Kimberly,Fowler,samanthagriffin@gmail.com,920-707-6845,2025-02-15,Bronze
875,Nicole,Velez,ryan19@hotmail.com,001-717-188-5157x46007,2023-02-03,Bronze
876,Andrew,Miller,williekelly@brooks.com,(635)841-6343x105,2022-09-26,Bronze
877,Mariah,Hendricks,wilsonjoseph@shelton.com,+1-855-690-5450,2023-12-30,Silver
878,Mary,Jackson,robertswilliam@hotmail.com,709-391-0151,2024-03-28,Silver
879,Shelby,Diaz,nealandrew@gmail.com,(999)405-8374x43919,2023-03-06,Bronze
880,Vickie,Dickerson,christophermartin@cook.biz,161-944-0351x2560,2023-02-01,Silver
881,Shannon,Bennett,willisdavid@gmail.com,6879749748,2023-10-04,Gold
882,Daniel,Hobbs,clarencewhitehead@allison-mcdonald.com,(954)754-8463x56509,2024-10-12,Silver
883,Roberta,Wells,marcus85@yahoo.com,001-268-298-5875x78686,2022-09-17,Silver
884,Jonathan,Harvey,martinezkevin@yahoo.com,+1-838-300-2139x825,2023-09-04,Bronze
885,Katherine,Campos,toddwalker@hotmail.com,001-962-380-5666,2023-10-14,Gold
886,Eric,Rogers,grahamtiffany@barrett.com,781.527.3609,2024-04-06,Bronze
887,Kayla,Jones,lauraparker@hood.com,788-515-5474x350,2023-01-23,Silver
888,Jeremy,Crawford,jesseoliver@young.com,514-567-1523x7002,2022-08-24,Gold
889,Jamie,Saunders,cramirez@parker.biz,(671)815-8915,2023-02-19,Bronze
890,Deanna,Grant,zschultz@yahoo.com,001-737-441-9388x105,2023-04-13,Silver
891,Leah,Harding,michaelsmith@smith-forbes.com,302-159-0004,2024-01-17,Gold
892,Gary,Pope,thomasalan@hansen.com,001-041-247-4963,2022-10-15,Gold
893,Marissa,Alexander,nvaughan@long.com,001-380-270-8233x62964,2025-01-06,Silver
894,Eric,Miller,amandaharris@hotmail.com,260.457.2638x38651,2022-12-14,Silver
895,Kayla,Dorsey,abeck@yahoo.com,(401)768-9683,2023-06-25,Gold
896,Steven,Bell,nicholskaren@schultz.info,001-776-495-7558x77604,2024-06-21,Silver
897,Renee,Pace,thomascarson@hotmail.com,001-676-168-2471x142,2024-01-31,Gold
898,Tanya,Ferrell,steven36@ponce-cisneros.net,(988)858-1890x1982,2023-01-14,Gold
899,Elizabeth,Turner,krystal24@hotmail.com,001-660-251-6383x5039,2025-08-17,Gold
900,David,Mcdonald,gmoore@allen-anderson.com,(646)554-3572x0605,2022-10-06,Silver
901,Patrick,Cooley,hwatson@chambers.com,811-741-8978,2022-08-22,Silver
902,Robert,Glass,kristin79@gmail.com,+1-084-759-4655x7765,2023-02-22,Silver
903,Rebecca,Russell,nicholas92@brown-powell.com,470.108.2078,2025-02-05,Silver
904,Sherry,Wallace,johnsonjohn@gmail.com,(345)257-1881x07159,2025-04-03,Bronze
905,Manuel,James,james78@cook.org,944-227-3889,2022-10-20,Gold
906,Martin,Fitzgerald,khopkins@king.com,(616)255-7091,2025-05-12,Bronze
907,Frank,Page,brian03@hotmail.com,+1-277-605-8745,2023-03-02,Bronze
908,Michael,Harris,david67@church-martinez.com,(455)959-0434,2023-05-09,Bronze
909,Michele,Aguilar,buchananelizabeth@yahoo.com,001-461-139-3604x25935,2024-08-13,Bronze
910,David,Swanson,fwilliams@alexander-harris.biz,2976997143,2023-08-28,Bronze
911,Angela,Newton,esmith@atkinson-sellers.com,009-172-7823,2023-10-03,Bronze
912,Melanie,Haas,fday@young-johnson.com,(762)227-4456x2439,2024-02-05,Bronze
913,Luis,Robinson,pflores@simpson.com,763-174-5208,2025-03-02,Silver
914,Courtney,Jordan,jacobdonovan@hotmail.com,+1-039-582-9100x79553,2024-04-14,Bronze
915,Mary,Phillips,jerry56@hotmail.com,437-546-4999x5800,2024-07-07,Bronze
916,Jennifer,Shepherd,vsanchez@johnson.biz,661.368.5213,2024-06-27,Gold
917,David,Ellison,nchoi@gmail.com,(616)685-0310x799,2023-03-17,Gold
918,Robert,Robinson,zsmith@gmail.com,632-629-9574,2023-09-25,Gold
919,Richard,Gonzalez,perezjoseph@gmail.com,(203)270-8598,2024-01-20,Gold
920,Eric,Thomas,donaldhudson@white.com,+1-208-374-0147x63279,2023-11-07,Bronze
921,Vincent,Jackson,donald28@reeves.com,(515)981-6135x1046,2023-07-26,Silver
922,Connor,Wilson,riveramonica@hotmail.com,(901)451-4620x2294,2025-02-09,Bronze
923,Julie,Baker,acevedorobert@martinez.com,+1-096-359-9270x16061,2024-05-28,Bronze
924,Barry,Anderson,cvasquez@hines.com,(952)228-5515x7727,2023-08-25,Bronze
925,Brian,Washington,tking@gmail.com,946-584-7247,2024-01-13,Bronze
926,Daniel,Taylor,perezsandra@yahoo.com,582-157-1649,2025-05-04,Bronze
927,Mary,Sims,nicole97@yahoo.com,001-405-233-9046x129,2022-10-21,Silver
928,Jennifer,Cox,bwilliams@hotmail.com,001-940-930-0338x00051,2024-12-16,Bronze
929,Christian,Aguilar,devin38@ayers.com,+1-388-302-7438x778,2023-07-11,Gold
930,Nicholas,Pham,hobbsrebecca@garcia.com,+1-175-608-2302x994,2022-11-24,Bronze
931,Daniel,Reyes,omorrison@baker-lewis.com,(257)133-2599,2024-07-03,Bronze
932,Pamela,Brooks,baileydavid@yahoo.com,6307541369,2024-01-28,Bronze
933,Regina,Lynch,williammack@sims.com,+1-557-003-0637,2025-02-27,Bronze
934,Veronica,Wilson,hunterjacqueline@hotmail.com,804.267.7756x7920,2025-05-23,Bronze
935,Jennifer,Rogers,pricesergio@gmail.com,173-747-4511x16434,2024-09-05,Silver
936,Timothy,Harper,williamsbryan@hotmail.com,564.225.1058,2023-07-04,Bronze
937,Kevin,Brown,howardlinda@hotmail.com,497-942-4839x43897,2024-02-04,Gold
938,William,Berry,robert68@hotmail.com,556.844.2733,2024-06-14,Gold
939,Jeffrey,Mitchell,kkim@king-shepherd.com,001-618-305-5765x60393,2024-11-12,Gold
940,Isaiah,Dorsey,newtonlori@ward-wilkins.info,(937)608-3199x5808,2024-05-12,Gold
941,Kevin,Kirby,rachel60@brown.com,+1-454-776-3969x7552,2025-01-28,Silver
942,Nicole,Torres,shicks@hotmail.com,001-681-772-5246x9568,2024-06-30,Gold
943,Frederick,Gonzales,franciskaren@adams.net,(880)147-7244x551,2023-03-11,Silver
944,Daniel,Petersen,nmills@swanson-ramirez.com,930-825-1719x81711,2025-05-17,Gold
945,Manuel,Johnson,amyramsey@smith-jackson.biz,+1-657-734-2634,2024-06-11,Bronze
946,Michael,Griffin,carolyn90@hotmail.com,1275589039,2023-03-10,Bronze
947,Brandy,Steele,hcox@hotmail.com,(412)341-8340x276,2025-08-15,Gold
948,Aaron,Cox,samuel65@ochoa-gutierrez.com,+1-587-256-6215,2023-02-12,Gold
949,Kari,Flores,wendy37@cruz-alvarez.com,965-578-5424,2024-09-28,Silver
950,Michael,Cox,nathan48@walker-hall.net,+1-060-178-1844x0195,2024-06-17,Gold
951,Randy,Carter,mariah67@yahoo.com,912.712.5868,2023-12-10,Silver
952,Lisa,Rosales,edward35@yahoo.com,001-634-494-8219x152,2022-10-26,Silver
953,Walter,Watson,jeffreybryant@marquez.com,7325995516,2023-10-13,Gold
954,Nicole,Jacobs,pday@west.org,145.758.7493x8038,2023-07-25,Silver
955,Joshua,Clark,nelsonclaire@yahoo.com,636-837-3341,2025-04-08,Bronze
956,Diane,Swanson,oconnorwalter@hawkins.com,0965233209,2023-09-02,Silver
957,Teresa,Ryan,lori77@hotmail.com,001-255-327-0459,2025-02-19,Bronze
958,Thomas,Snyder,christina22@mueller-hardy.com,832-720-8407x866,2023-12-31,Silver
959,Lee,Shaw,ianwood@yahoo.com,000.476.5244x2574,2023-09-28,Silver
960,Brandon,Smith,joshua40@moody.info,(158)398-3232x8074,2023-12-13,Gold
961,William,Black,patrickchavez@reed.biz,640-248-4989x264,2024-07-27,Bronze
962,Larry,Davis,trujillomark@anderson.org,8571505378,2023-02-13,Bronze
963,Jennifer,Holloway,ramosjesse@carpenter-garcia.net,2226153417,2024-08-06,Silver
964,Julie,Cooke,mlee@yahoo.com,289-296-6372,2023-06-23,Silver
965,Stephanie,Sandoval,ejames@gmail.com,001-357-743-7355x157,2022-11-18,Silver
966,Ashley,Arnold,grant12@dean.com,582.606.1147x0427,2024-07-18,Silver
967,Mark,Bailey,xolson@gonzalez-evans.com,084-230-2323x98302,2025-04-04,Gold
968,Joanna,Rodgers,yelliott@hotmail.com,+1-791-590-3495x352,2025-03-01,Silver
969,David,Velez,jacquelinereed@hanson-washington.com,329-466-1929,2023-07-18,Bronze
970,Jennifer,Frost,david57@yahoo.com,+1-667-205-8297,2023-12-10,Bronze
971,Taylor,Morrow,gregorymichael@cordova.info,924.024.0731x04105,2024-06-29,Silver
972,Zachary,Shea,sheltonkatherine@hotmail.com,(391)129-0069x6896,2023-03-04,Silver
973,Veronica,Brooks,katherine83@hotmail.com,001-099-076-4158x4336,2023-06-10,Gold
974,Jennifer,Warren,manuel15@hotmail.com,(340)410-1287,2023-05-08,Bronze
975,Daniel,Aguilar,angel58@gmail.com,068.139.0388,2022-12-07,Gold
976,Molly,Phillips,chambersselena@brown.info,(759)762-4719,2023-07-23,Silver
977,Terri,Campbell,knighthaley@yahoo.com,(622)042-8014,2023-12-23,Bronze
978,Tracy,Hudson,vperez@austin.com,(479)368-0111x5689,2023-01-22,Bronze
979,Chad,Clark,wmoore@stevenson-watkins.com,001-571-057-1728x15150,2024-06-02,Bronze
980,Tricia,Little,brandon88@gmail.com,001-375-972-1424,2025-04-06,Silver
981,Ryan,Williams,zgreen@gmail.com,5858013696,2023-04-23,Gold
982,James,Bowers,thorntonjessica@johnson.net,001-528-080-7188,2024-12-15,Silver
983,Andrew,Jenkins,jacksonrobert@cruz-strickland.com,172-002-3837,2024-01-22,Bronze
984,Stephen,Howell,hkennedy@gmail.com,177-349-4746,2024-09-23,Gold
985,Elizabeth,Cooper,kimberly79@yahoo.com,426.074.9780,2025-07-23,Gold
986,Melanie,Patterson,adamspenny@gmail.com,817-458-1272,2023-02-19,Bronze
987,Jason,Huynh,taylor51@huynh.com,912.368.3579x4276,2023-02-27,Gold
988,Angela,Ross,melissa50@allen.com,(870)849-3945,2023-10-14,Bronze
989,Seth,Stokes,ayersrobert@williams.com,001-734-081-2214x017,2024-06-19,Bronze
990,Kelly,Wood,suzanne55@hotmail.com,+1-139-142-9405,2025-01-30,Bronze
991,Carrie,Reynolds,evansrobin@hernandez.com,365.437.9298x25168,2024-08-27,Gold
992,Barbara,Garcia,jhoward@yahoo.com,(431)299-2631x3700,2024-01-13,Gold
993,Dawn,Tran,greerjanice@gmail.com,659.495.0005,2024-07-24,Silver
994,Roger,Collier,jared93@hotmail.com,3897679726,2025-01-31,Silver
995,Samantha,Schneider,xromero@yahoo.com,(464)139-6110,2024-12-10,Bronze
996,Katrina,Rogers,tiffanynewman@jones.com,001-609-704-8839x10862,2023-03-30,Gold
997,Erin,Rogers,bennettdiane@gmail.com,449-140-7657x253,2023-01-05,Silver
998,Stephanie,Burns,elizabeth21@lopez-avila.net,+1-433-490-1420x6989,2024-02-23,Bronze
999,Tanya,Harper,npowell@lyons-wagner.com,+1-344-218-2798x466,2023-02-21,Silver
1000,Rebecca,Morrison,rosedavid@gmail.com,636-011-0238x36193,2023-02-02,Bronze
